,id,name,date,audio_url
,UFO123 Arrrrr!,Denis,25.01.18,https://ia600804.us.archive.org/15/items/dpu-intro-archiv/UFO123_Intro%20von%20Denis.mp3
,UFO125 Rauchen,Chris,08.02.18,https://ia600804.us.archive.org/15/items/dpu-intro-archiv/UFO125_Intro%20von%20Chris.mp3
,UFO126 Pyramiden,Fritz Frittenfett,22.02.18,https://ia600804.us.archive.org/15/items/dpu-intro-archiv/UFO126_Intro%20von%20Fritz%20Frittenfett.mp3
,UFO127 Dachau,Simon,01.03.18,https://ia600804.us.archive.org/15/items/dpu-intro-archiv/UFO127_Intro%20von%20Simon.mp3
,UFO129 Ein Fuchs geht nicht ins Krankenhaus,Lisa,23.03.18,https://ia600804.us.archive.org/15/items/dpu-intro-archiv/UFO129_Intro%20von%20Lisa.mp3
,UFO130 Eier,Lennart,31.03.18,https://ia600804.us.archive.org/15/items/dpu-intro-archiv/UFO130_Intro%20von%20Lennart.mp3
,"UFO132 Stefan Titze, ich find‘ du bist n’toller Typ!",Den Solo,25.04.18,https://ia600804.us.archive.org/15/items/dpu-intro-archiv/UFO132_Intro%20von%20Den%20Solo.mp3
,UFO133 Denar,Moritz,03.05.18,https://ia600804.us.archive.org/15/items/dpu-intro-archiv/UFO133_Intro%20von%20Moritz.mp3
,UFO134 Bochum Hotel,Leon,12.05.18,https://ia600804.us.archive.org/15/items/dpu-intro-archiv/UFO134_Intro%20von%20Leon.mp3
,UFO135 Booty,André,18.05.18,https://ia600804.us.archive.org/15/items/dpu-intro-archiv/UFO135_Intro%20von%20Andr%C3%A9.mp3
,UFO136 AIDS,Felix,24.05.18,https://ia600804.us.archive.org/15/items/dpu-intro-archiv/UFO136_Intro%20von%20Felix.mp3
,UFO137 Who are you when no one’s watching?,Valentin,01.06.18,https://ia600804.us.archive.org/15/items/dpu-intro-archiv/UFO137_Intro%20von%20Valentin.mp3
,UFO138 Gute Nacht,Sören,13.06.18,https://ia600804.us.archive.org/15/items/dpu-intro-archiv/UFO138_Intro%20von%20S%C3%B6ren.mp3
,UFO139 Es regnet,Jannis,21.06.18,https://ia600804.us.archive.org/15/items/dpu-intro-archiv/UFO139_Intro%20von%20Jannis.mp3
,UFO140 Ganz schön voll hier,Sophie,09.07.18,https://ia600804.us.archive.org/15/items/dpu-intro-archiv/UFO140_Intro%20von%20Sophie.mp3
,UFO141 Sinnentleertes Lustwandeln,Justus,19.07.18,https://ia600804.us.archive.org/15/items/dpu-intro-archiv/UFO141_Intro%20von%20Justus.mp3
,UFO142 Nachbarn,Marc,19.08.18,https://ia600804.us.archive.org/15/items/dpu-intro-archiv/UFO142_Intro%20von%20Marc.mp3
,UFO143 Ohayō,Markus,23.08.18,https://ia600804.us.archive.org/15/items/dpu-intro-archiv/UFO143_Intro%20von%20Markus.mp3
,UFO144 Pferd,Christoph,02.09.18,https://ia600804.us.archive.org/15/items/dpu-intro-archiv/UFO144_Intro%20von%20Christoph.mp3
,UFO145 Bestellung,Richard,08.09.18,https://ia600804.us.archive.org/15/items/dpu-intro-archiv/UFO145_Intro%20von%20Richard.mp3
,UFO148 Draußen,Fabian,25.10.18,https://ia600804.us.archive.org/15/items/dpu-intro-archiv/UFO148_Intro%20von%20Fabian.mp3
,UFO149 Fehlkunst,Sebastian (animiert von Lara),01.11.18,https://ia600804.us.archive.org/15/items/dpu-intro-archiv/UFO149_Intro%20von%20Sebastian%20%28animiert%20von%20Lara%29.mp3
,UFO150 Maya,Chris,16.11.18,https://ia600804.us.archive.org/15/items/dpu-intro-archiv/UFO150_Intro%20von%20Chris.mp3
,"UFO152 Van Gogh, Picasso",Waldi Wollo,08.11.19,https://ia600804.us.archive.org/15/items/dpu-intro-archiv/UFO152_Intro%20von%20Waldi%20Wollo.mp3
,UFO153 Bademantel,Nico,07.12.18,https://ia600804.us.archive.org/15/items/dpu-intro-archiv/UFO153_Intro%20von%20Nico.mp3
,UFO156 Schuhu,Michael,28.01.19,https://ia600804.us.archive.org/15/items/dpu-intro-archiv/UFO156_Intro%20von%20Michael.mp3
,UFO157 IS THE MOON CRASHING INTO EARTH?,Florian,10.02.19,https://ia600804.us.archive.org/15/items/dpu-intro-archiv/UFO157_Intro%20von%20Florian.mp3
,UFO158 Katzendemos,Markus,14.02.19,https://ia600804.us.archive.org/15/items/dpu-intro-archiv/UFO158_Intro%20von%20Markus.mp3
,UFO159 Sambazamba,Leon,22.02.19,https://ia600804.us.archive.org/15/items/dpu-intro-archiv/UFO159_Intro%20von%20Leon.mp3
,UFO161 Zeppelin,Florian,09.03.19,https://ia600804.us.archive.org/15/items/dpu-intro-archiv/UFO161_Intro%20von%20Florian.mp3
,UFO162 Feuerwehr,Annabell & Sir N,14.03.19,https://ia600804.us.archive.org/15/items/dpu-intro-archiv/UFO162_Intro%20von%20Annabell%20%26%20Sir%20N.mp3
,UFO164 Queue,Ben (von Rocket Beans TV),29.03.19,https://ia600804.us.archive.org/15/items/dpu-intro-archiv/UFO164_Intro%20von%20Ben%20%28von%20Rocket%20Beans%20TV%29.mp3
,UFO165 Trüffel,Lukas,05.04.19,https://ia600804.us.archive.org/15/items/dpu-intro-archiv/UFO165_Intro%20von%20Lukas.mp3
,UFO166 Dreier,Ferdinand,19.04.19,https://ia600804.us.archive.org/15/items/dpu-intro-archiv/UFO166_Intro%20von%20Ferdinand.mp3
,UFO167 Guten Morgen,Iruka,25.04.19,https://ia600804.us.archive.org/15/items/dpu-intro-archiv/UFO167_Intro%20von%20Iruka.mp3
,UFO168 Hobby,David Gee,04.05.19,https://ia600804.us.archive.org/15/items/dpu-intro-archiv/UFO168_Intro%20von%20David%20Gee.mp3
,UFO170 FHP,Debbie,20.05.19,https://ia600804.us.archive.org/15/items/dpu-intro-archiv/UFO170_Intro%20von%20Debbie.mp3
,UFO171 Wringen,Lars,25.05.19,https://ia600804.us.archive.org/15/items/dpu-intro-archiv/UFO171_Intro%20von%20Lars.mp3
,UFO173 Bien,Clemens,14.06.19,https://ia600804.us.archive.org/15/items/dpu-intro-archiv/UFO173_Intro%20von%20Clemens.mp3
,UFO174 Giulia Becker,Tobi,22.06.19,https://ia600804.us.archive.org/15/items/dpu-intro-archiv/UFO174_Intro%20von%20Tobi.mp3
,UFO176 T-Rex,Maximilian,10.07.19,https://ia600804.us.archive.org/15/items/dpu-intro-archiv/UFO176_Intro%20von%20Maximilian.mp3
,UFO177 KI,Malte,18.07.19,https://ia600804.us.archive.org/15/items/dpu-intro-archiv/UFO177_Intro%20von%20Malte.mp3
,UFO178 Schnuffeltuch,Chris,24.07.19,https://ia600804.us.archive.org/15/items/dpu-intro-archiv/UFO178_Intro%20von%20Chris.mp3
,UFO179 Mein Beileid,Felix,31.07.19,https://ia600804.us.archive.org/15/items/dpu-intro-archiv/UFO179_Intro%20von%20Felix.mp3
,"UFO180 Ja, ich kleckere!",Max,16.08.19,https://ia600804.us.archive.org/15/items/dpu-intro-archiv/UFO180_Intro%20von%20Max.mp3
,UFO181 Zapata,Micha,06.09.19,https://ia600804.us.archive.org/15/items/dpu-intro-archiv/UFO181_Intro%20von%20Micha.mp3
,UFO182 Enisratdul,Maximilian,15.09.19,https://ia600804.us.archive.org/15/items/dpu-intro-archiv/UFO182_Intro%20von%20Maximilian.mp3
,UFO183 Ratschläge,Leonard und Jano,19.09.19,https://ia600804.us.archive.org/15/items/dpu-intro-archiv/UFO183_Intro%20von%20Leonard%20und%20Jano.mp3
,UFO184 Nee,Der Podcast Udo & Till & Eid Otter,25.09.19,https://ia600804.us.archive.org/15/items/dpu-intro-archiv/UFO184_Intro%20von%20Der%20Podcast%20Udo%20%26%20Till%20%26%20Eid%20Otter.mp3
,UFO185 Schuld Ich,Marcel,05.10.19,https://ia600804.us.archive.org/15/items/dpu-intro-archiv/UFO185_Intro%20von%20Marcel.mp3
,UFO186 Überraschung!,Christoph,12.10.19,https://ia600804.us.archive.org/15/items/dpu-intro-archiv/UFO186_Intro%20von%20Christoph.mp3
,UFO187 Hall all all,Trommel-Torben und Polter-Holger,26.10.19,https://ia600804.us.archive.org/15/items/dpu-intro-archiv/UFO187_Intro%20von%20Trommel-Torben%20und%20Polter-Holger.mp3
,UFO188 thispodcastdoesnotexist,Lothar,29.10.19,https://ia600804.us.archive.org/15/items/dpu-intro-archiv/UFO188_Intro%20von%20Lothar.mp3
,UFO189 Antenne Afrika,Tobias,09.11.19,https://ia600804.us.archive.org/15/items/dpu-intro-archiv/UFO189_Intro%20von%20Tobias.mp3
,UFO190 Morgenstund,Erik,16.11.19,https://ia600804.us.archive.org/15/items/dpu-intro-archiv/UFO190_Intro%20von%20Erik.mp3
,UFO191 Rollegg,Kim und Sebbi,23.11.19,https://ia600804.us.archive.org/15/items/dpu-intro-archiv/UFO191_Intro%20von%20Kim%20und%20Sebbi.mp3
,UFO192 Luminol,Julius,30.11.19,https://ia600804.us.archive.org/15/items/dpu-intro-archiv/UFO192_Intro%20von%20Julius.mp3
,UFO193 Spit,Daniel,07.12.19,https://ia600804.us.archive.org/15/items/dpu-intro-archiv/UFO193_Intro%20von%20Daniel.mp3
,UFO195 Pufohub,MC Schmied,21.12.19,https://ia600804.us.archive.org/15/items/dpu-intro-archiv/UFO195_Intro%20von%20MC%20Schmied.mp3
,UFO196 Kinnruck,Leon,29.12.19,https://ia600804.us.archive.org/15/items/dpu-intro-archiv/UFO196_Intro%20von%20Leon.mp3
,UFO197 Kompliment!,Michael aka Leafgreen,18.01.20,https://ia600804.us.archive.org/15/items/dpu-intro-archiv/UFO197_Intro%20von%20Michael%20aka%20Leafgreen.mp3
,UFO199 Parfumkreis,Christoph,01.02.20,https://ia600804.us.archive.org/15/items/dpu-intro-archiv/UFO199_Intro%20von%20Christoph.mp3
,UFO200 Zweihundert,Tobias,08.02.20,https://ia600804.us.archive.org/15/items/dpu-intro-archiv/UFO200_Intro%20von%20Tobias.mp3
,UFO201 Hilarius,Leander,15.02.20,https://ia600804.us.archive.org/15/items/dpu-intro-archiv/UFO201_Intro%20von%20Leander.mp3
,UFO202 Superman 3,Malte,22.02.20,https://ia600804.us.archive.org/15/items/dpu-intro-archiv/UFO202_Intro%20von%20Malte.mp3
,UFO204 Abenteuer,"Ruth, Rebecca und ihren Tonmeister Philipp",07.03.20,https://ia600804.us.archive.org/15/items/dpu-intro-archiv/UFO204_Intro%20von%20Ruth%2C%20Rebecca%20und%20ihren%20Tonmeister%20Philipp.mp3
,UFO205 Knall,Kristina,14.03.20,https://ia600804.us.archive.org/15/items/dpu-intro-archiv/UFO205_Intro%20von%20Kristina.mp3
,UFO206 BTHVN,Nele und Max,21.03.20,https://ia600804.us.archive.org/15/items/dpu-intro-archiv/UFO206_Intro%20von%20Nele%20und%20Max.mp3
,UFO207 Worstbird,Caveman Coba & Cripple X,28.03.20,https://ia600804.us.archive.org/15/items/dpu-intro-archiv/UFO207_Intro%20von%20Caveman%20Coba%20%26%20Cripple%20X.mp3
,UFO208 50 Dollar,Yannick,04.04.20,https://ia600804.us.archive.org/15/items/dpu-intro-archiv/UFO208_Intro%20von%20Yannick.mp3
,UFO209 Dramatically,Hannes,11.04.20,https://ia600804.us.archive.org/15/items/dpu-intro-archiv/UFO209_Intro%20von%20Hannes.mp3
,UFO210 Zu Berge,Daniel,18.04.20,https://ia600804.us.archive.org/15/items/dpu-intro-archiv/UFO210_Intro%20von%20Daniel.mp3
,UFO211 Assistant to Mr. Titze,Tobi,25.04.20,https://ia600804.us.archive.org/15/items/dpu-intro-archiv/UFO211_Intro%20von%20Tobi.mp3
,UFO212 Shaggy Shillok Sherlock,Damian,02.05.20,https://ia600804.us.archive.org/15/items/dpu-intro-archiv/UFO212_Intro%20von%20Damian.mp3
,UFO213 Rest,Markus,09.05.20,https://ia600804.us.archive.org/15/items/dpu-intro-archiv/UFO213_Intro%20von%20Markus.mp3
,UFO214 Betreff,Rafael,16.05.20,https://ia600804.us.archive.org/15/items/dpu-intro-archiv/UFO214_Intro%20von%20Rafael.mp3
,UFO215 Manolo,Yung Urheber,25.04.20,https://ia600804.us.archive.org/15/items/dpu-intro-archiv/UFO215_Intro%20von%20Yung%20Urheber.mp3
,UFO216 Stellt sich raus,Camilo,30.05.20,https://ia600804.us.archive.org/15/items/dpu-intro-archiv/UFO216_Intro%20von%20Camilo.mp3
,UFO217 T-Minus,Daniel,06.06.20,https://ia600804.us.archive.org/15/items/dpu-intro-archiv/UFO217_Intro%20von%20Daniel.mp3
,UFO218 Bon of Love,Daniel,13.06.20,https://ia600804.us.archive.org/15/items/dpu-intro-archiv/UFO218_Intro%20von%20Daniel%20%28mit%20Outro%20von%20Hans%29.mp3
,UFO219 Not so Fast,Caveman Coba & Cripple X,20.06.20,https://ia600804.us.archive.org/15/items/dpu-intro-archiv/UFO219_Intro%20von%20Caveman%20Coba%20%26%20Cripple%20X.mp3
,UFO220 Apfelmove,Alex,27.06.20,https://ia600804.us.archive.org/15/items/dpu-intro-archiv/UFO220_Intro%20von%20Alex.mp3
,UFO221 Cortez,Tim,04.07.20,https://ia600804.us.archive.org/15/items/dpu-intro-archiv/UFO221_Intro%20von%20Tim.mp3
,UFO222 Blumen,Yannick,22.08.20,https://ia600804.us.archive.org/15/items/dpu-intro-archiv/UFO222_Intro%20von%20Yannick.mp3
,UFO223 Dauerwelle,Annabell und Johannes,29.08.20,https://ia600804.us.archive.org/15/items/dpu-intro-archiv/UFO223_Intro%20von%20Annabell%20und%20Johannes.mp3
,UFO224 Bamborghini,Nils,05.09.20,https://ia600804.us.archive.org/15/items/dpu-intro-archiv/UFO224_Intro%20von%20Nils.mp3
,UFO225 An den Pranger stellen,Julian,12.09.20,https://ia600804.us.archive.org/15/items/dpu-intro-archiv/UFO225_Intro%20von%20Julian.mp3
,UFO226 So viel Zeit muss sein,Niklas,19.09.20,https://ia600804.us.archive.org/15/items/dpu-intro-archiv/UFO226_Intro%20von%20Niklas.mp3
,UFO227 Dortig,Timo,26.09.20,https://ia600804.us.archive.org/15/items/dpu-intro-archiv/UFO227_Intro%20von%20Timo.mp3
,UFO228 Lapis Lazuli,Simon,03.10.20,https://ia600804.us.archive.org/15/items/dpu-intro-archiv/UFO228_Intro%20von%20Simon.mp3
,UFO229 Klemmbau,Ice Bär,10.10.20,https://ia600804.us.archive.org/15/items/dpu-intro-archiv/UFO229_Intro%20von%20Ice%20B%C3%A4r.mp3
,UFO230 Wildwasser,Marcus,17.10.20,https://ia600804.us.archive.org/15/items/dpu-intro-archiv/UFO230_Intro%20von%20Marcus.mp3
,UFO231 Lecker Mate,Caveman Coba & Cripple X,31.10.20,https://ia600804.us.archive.org/15/items/dpu-intro-archiv/UFO231_Intro%20von%20Caveman%20Coba%20%26%20Cripple%20X.mp3
,UFO232 Schotten,Josch,07.11.20,https://ia600804.us.archive.org/15/items/dpu-intro-archiv/UFO232_Intro%20von%20Josch.mp3
,UFO233 Krake,Lothar,14.11.20,https://ia600804.us.archive.org/15/items/dpu-intro-archiv/UFO233_Intro%20von%20Lothar.mp3
,UFO234 Vierkäse,Sina und Marla,21.11.20,https://ia600804.us.archive.org/15/items/dpu-intro-archiv/UFO234_Intro%20von%20Sina%20und%20Marla.mp3
,UFO235 Eisbär,Tobias,28.11.20,https://ia600804.us.archive.org/15/items/dpu-intro-archiv/UFO235_Intro%20von%20Tobias.mp3
,UFO236 OJ,Finn,05.12.20,https://ia600804.us.archive.org/15/items/dpu-intro-archiv/UFO236_Intro%20von%20Finn.mp3
,UFO237 Kugelfisch,Philipp,12.12.20,https://ia600804.us.archive.org/15/items/dpu-intro-archiv/UFO237_Intro%20von%20Philipp.mp3
,UFO238 89,Max,19.12.20,https://ia600804.us.archive.org/15/items/dpu-intro-archiv/UFO238_Intro%20von%20Max.mp3
,UFO239 Motannenbau,Simon,24.12.20,https://ia600804.us.archive.org/15/items/dpu-intro-archiv/UFO239_Intro%20von%20Simon.mp3
,UFO240 IQ,Patrick,16.01.21,https://ia600804.us.archive.org/15/items/dpu-intro-archiv/UFO240_Intro%20von%20Patrick.mp3
,UFO241 Hoëcker,DrownedFish,12.12.20,https://ia600804.us.archive.org/15/items/dpu-intro-archiv/UFO241_Intro%20von%20DrownedFish.mp3
,UFO242 Glas,Simon,30.01.21,https://ia600804.us.archive.org/15/items/dpu-intro-archiv/UFO242_Intro%20von%20Simon.mp3
,UFO243 Graffitti,Stu Pit,06.02.21,https://ia600804.us.archive.org/15/items/dpu-intro-archiv/UFO243_Intro%20von%20Stu%20Pit.mp3
,UFO244 Begabt,El Max,12.02.21,https://ia600804.us.archive.org/15/items/dpu-intro-archiv/UFO244_Intro%20von%20El%20Max.mp3
,UFO245 All Ball,Strobo-Robo,20.02.21,https://ia600804.us.archive.org/15/items/dpu-intro-archiv/UFO245_Intro%20von%20Strobo-Robo.mp3
,UFO246 Fresko,Christoph,27.02.21,https://ia600804.us.archive.org/15/items/dpu-intro-archiv/UFO246_Intro%20von%20Christoph.mp3
,UFO247 Prim,Johannes,06.03.21,https://ia600804.us.archive.org/15/items/dpu-intro-archiv/UFO247_Intro%20von%20Johannes.mp3
,UFO248 Zisterne,Silas,13.03.21,https://ia600804.us.archive.org/15/items/dpu-intro-archiv/UFO248_Intro%20von%20Silas.mp3
,UFO249 Utz utz utz,Martin,20.03.21,https://ia600804.us.archive.org/15/items/dpu-intro-archiv/UFO249_Intro%20von%20Martin.mp3
,UFO250 Moloch,Johannes,27.03.21,https://ia600804.us.archive.org/15/items/dpu-intro-archiv/UFO250_Intro%20von%20Johannes.mp3
,UFO251 Kataströphchen,Luca,03.04.21,https://ia600804.us.archive.org/15/items/dpu-intro-archiv/UFO251_Intro%20von%20Luca.mp3
,UFO252 Herakles,Phil,10.04.21,https://ia600804.us.archive.org/15/items/dpu-intro-archiv/UFO252_Intro%20von%20Phil.mp3
,UFO253 Blubber,Martin,17.04.21,https://ia600804.us.archive.org/15/items/dpu-intro-archiv/UFO253_Intro%20von%20Martin.mp3
,UFO254 Trödel,Leon,24.04.21,https://ia600804.us.archive.org/15/items/dpu-intro-archiv/UFO254_Intro%20von%20Leon.mp3
,UFO255 Anubis,Jan,01.05.21,https://ia600804.us.archive.org/15/items/dpu-intro-archiv/UFO255_Intro%20von%20Jan.mp3
,UFO256 Lama,Mike,08.05.21,https://ia600804.us.archive.org/15/items/dpu-intro-archiv/UFO256_Intro%20von%20Mike.mp3
,UFO257 Murmel,CocoQietzan,15.05.21,https://ia600804.us.archive.org/15/items/dpu-intro-archiv/UFO257_Intro%20von%20CocoQietzan.mp3
,UFO258 Flederer,T-Dogg feat. Yo_Fifty,22.05.21,https://ia600804.us.archive.org/15/items/dpu-intro-archiv/UFO258_Intro%20von%20T-Dogg%20feat.%20Yo_Fifty.mp3
,UFO259 Schatz,Flo und Druckluft,29.05.21,https://ia600804.us.archive.org/15/items/dpu-intro-archiv/UFO259_Intro%20von%20Flo%20und%20Druckluft.mp3
,UFO260 Gelée Royale,Max,05.06.21,https://ia600804.us.archive.org/15/items/dpu-intro-archiv/UFO260_Intro%20von%20Max.mp3
,UFO261 Philister,Max,12.06.21,https://ia600804.us.archive.org/15/items/dpu-intro-archiv/UFO261_Intro%20von%20Max.mp3
,UFO262 Eglon,Dennis,19.06.21,https://ia600804.us.archive.org/15/items/dpu-intro-archiv/UFO262_Intro%20von%20Dennis.mp3
,UFO263 Zufall,Nick,26.06.21,https://ia600804.us.archive.org/15/items/dpu-intro-archiv/UFO263_Intro%20von%20Nick.mp3
,UFO264 Heimlich,Leonard,03.07.21,https://ia600804.us.archive.org/15/items/dpu-intro-archiv/UFO264_Intro%20von%20Leonard.mp3
,UFO265 Bordüre,Lennie,10.07.21,https://ia600804.us.archive.org/15/items/dpu-intro-archiv/UFO265_Intro%20von%20Lennie.mp3
,UFO266 Hinter dem Mikrofon,Albrecht,17.07.21,https://ia600804.us.archive.org/15/items/dpu-intro-archiv/UFO266_Intro%20von%20Albrecht.mp3
,UFO267 Motte,Brad & Pit,24.07.21,https://ia600804.us.archive.org/15/items/dpu-intro-archiv/UFO267_Intro%20von%20Brad%20%26%20Pit.mp3
,UFO268 Sauna Teil 1,Marcel,31.07.21,https://ia600804.us.archive.org/15/items/dpu-intro-archiv/UFO268_Intro%20von%20Marcel.mp3
,UFO270 Sivuplari,Peer,14.08.21,https://ia600804.us.archive.org/15/items/dpu-intro-archiv/UFO270_Intro%20von%20Peer.mp3
,UFO271 Pipps,Daniel,21.08.21,https://ia600804.us.archive.org/15/items/dpu-intro-archiv/UFO271_Intro%20von%20Daniel.mp3
,UFO272 A nach B,Zenax Productions,28.08.21,https://ia600804.us.archive.org/15/items/dpu-intro-archiv/UFO272_Intro%20von%20Zenax%20Productions.mp3
,UFO273 Padel,Nico,04.09.21,https://ia600804.us.archive.org/15/items/dpu-intro-archiv/UFO273_Intro%20von%20Nico.mp3
,UFO274 Sailor Vie,Felix,11.09.21,https://ia600804.us.archive.org/15/items/dpu-intro-archiv/UFO274_Intro%20von%20Felix.mp3
,UFO275 Teatze,Randy,18.09.21,https://ia600804.us.archive.org/15/items/dpu-intro-archiv/UFO275_Intro%20von%20Randy.mp3
,UFO276 Giacomo,Niklas,25.09.21,https://ia600804.us.archive.org/15/items/dpu-intro-archiv/UFO276_Intro%20von%20Niklas.mp3
,UFO277 A Large Man in Little Rock,Marius,02.10.21,https://ia600804.us.archive.org/15/items/dpu-intro-archiv/UFO277_Intro%20von%20Marius.mp3
,UFO278 Böller,Mike,09.10.21,https://ia600804.us.archive.org/15/items/dpu-intro-archiv/UFO278_Intro%20von%20Mike.mp3
,UFO279 Kräut und Rüben,Dennis,16.10.21,https://ia600804.us.archive.org/15/items/dpu-intro-archiv/UFO279_Intro%20von%20Dennis.mp3
,UFO280 Kerni,Mike,23.10.21,https://ia600804.us.archive.org/15/items/dpu-intro-archiv/UFO280_Intro%20von%20Mike.mp3
,UFO281 Gurkenlord,Samuel,30.10.21,https://ia600804.us.archive.org/15/items/dpu-intro-archiv/UFO281_Intro%20von%20Samuel.mp3
,UFO282 Aroma,Benjo,06.11.21,https://ia600804.us.archive.org/15/items/dpu-intro-archiv/UFO282_Intro%20von%20Benjo.mp3
,UFO283 Rüssel,Kasi,13.11.21,https://ia600804.us.archive.org/15/items/dpu-intro-archiv/UFO283_Intro%20von%20Kasi.mp3
,UFO284 Mikronesien,Lars,20.11.21,https://ia600804.us.archive.org/15/items/dpu-intro-archiv/UFO284_Intro%20von%20Lars.mp3
,UFO285 Rufa,Anton,27.11.21,https://ia600804.us.archive.org/15/items/dpu-intro-archiv/UFO285_Intro%20von%20Anton.mp3
,UFO286 Dioptrien,Felix,04.12.21,https://ia600804.us.archive.org/15/items/dpu-intro-archiv/UFO286_Intro%20von%20Felix.mp3
,UFO287 3D,Richard,11.12.21,https://ia600804.us.archive.org/15/items/dpu-intro-archiv/UFO287_Intro%20von%20Richard.mp3
,UFO288 Molcar,Mike,18.12.21,https://ia600804.us.archive.org/15/items/dpu-intro-archiv/UFO288_Intro%20von%20Mike.mp3
,UFO289 Rollo,Felix,25.12.21,https://ia600804.us.archive.org/15/items/dpu-intro-archiv/UFO289_Intro%20von%20Felix.mp3
,UFO290 Knuckeln,DHXP,01.01.22,https://ia600804.us.archive.org/15/items/dpu-intro-archiv/UFO290_Intro%20von%20DHXP.mp3
,UFO291 Blau,Marian,08.01.22,https://ia600804.us.archive.org/15/items/dpu-intro-archiv/UFO291_Intro%20von%20Marian.mp3
,UFO292 Der Blühende,Max,15.01.22,https://ia600804.us.archive.org/15/items/dpu-intro-archiv/UFO292_Intro%20von%20Max.mp3
,UFO293 Rot,Nico,22.01.22,https://ia600804.us.archive.org/15/items/dpu-intro-archiv/UFO293_Intro%20von%20Nico.mp3
,UFO294 Basteln,Tobias,29.01.22,https://ia600804.us.archive.org/15/items/dpu-intro-archiv/UFO294_Intro%20von%20Tobias.mp3
,UFO295 Heiße Luft,Michel,05.02.22,https://ia600804.us.archive.org/15/items/dpu-intro-archiv/UFO295_Intro%20von%20Michel.mp3
,UFO296 Nordsüd,Kathmo,12.02.22,https://ia600804.us.archive.org/15/items/dpu-intro-archiv/UFO296_Intro%20von%20Kathmo.mp3
,UFO297 Blutleer,Leonie,19.02.22,https://ia600804.us.archive.org/15/items/dpu-intro-archiv/UFO297_Intro%20von%20Leonie.mp3
,UFO298 Ader,Hannes,26.02.22,https://ia600804.us.archive.org/15/items/dpu-intro-archiv/UFO298_Intro%20von%20Hannes.mp3
,UFO299 Rutsche,Frederico Pizzolini,05.03.22,https://ia600804.us.archive.org/15/items/dpu-intro-archiv/UFO299_Intro%20von%20Frederico%20Pizzolini.mp3
,UFO300 Moll,Florian mit Druckluft,12.03.22,https://ia600804.us.archive.org/15/items/dpu-intro-archiv/UFO300_Intro%20von%20Florian%20mit%20Druckluft.mp3
,"UFO301 2,40€",Marius,19.03.22,https://ia600804.us.archive.org/15/items/dpu-intro-archiv/UFO301_Intro%20von%20Marius.mp3
,UFO302 Howdy,Julia & Johannes,26.03.22,https://ia600804.us.archive.org/15/items/dpu-intro-archiv/UFO302_Intro%20von%20Julia%20%26%20Johannes.mp3
,UFO303 Widmung,Dabsi,02.04.22,https://ia600804.us.archive.org/15/items/dpu-intro-archiv/UFO303_Intro%20von%20Dabsi.mp3
,UFO305 Slush,Christian,16.04.22,https://ia600804.us.archive.org/15/items/dpu-intro-archiv/UFO305_Intro%20von%20Christian.mp3
,UFO306 Hänää,Mo_Jopo,23.04.22,https://ia600804.us.archive.org/15/items/dpu-intro-archiv/UFO306_Intro%20von%20Mo_Jopo.mp3
,UFO308 Wind,Roman,07.05.22,https://ia600804.us.archive.org/15/items/dpu-intro-archiv/UFO308_Intro%20von%20Roman.mp3
,UFO309 Edamame,Manuel,14.05.22,https://ia600804.us.archive.org/15/items/dpu-intro-archiv/UFO309_Intro%20von%20Manuel.mp3
,UFO311 Zebra,Tim,28.05.22,https://ia600804.us.archive.org/15/items/dpu-intro-archiv/UFO311_Intro%20von%20Tim.mp3
,UFO313 Banane,Mike,11.06.22,https://ia600804.us.archive.org/15/items/dpu-intro-archiv/UFO313_Intro%20von%20Mike.mp3
,UFO314 Maura,ise,18.06.22,https://ia600804.us.archive.org/15/items/dpu-intro-archiv/UFO314_Intro%20von%20ise.mp3
,UFO316 Honig,Philipp,02.07.22,https://ia600804.us.archive.org/15/items/dpu-intro-archiv/UFO316_Intro%20von%20Philipp.mp3
,UFO317 Erdbeben,Tim,09.07.22,https://ia600804.us.archive.org/15/items/dpu-intro-archiv/UFO317_Intro%20von%20Tim.mp3
,UFO318 Bingo,Ildikó,16.07.22,https://ia600804.us.archive.org/15/items/dpu-intro-archiv/UFO318_Intro%20von%20Ildik%C3%B3.mp3
,UFO320 Bewusstseinslage,Damian,30.07.22,https://ia600804.us.archive.org/15/items/dpu-intro-archiv/UFO320_Intro%20von%20Damian.mp3
,UFO321 Perú,Björn13,20.08.22,https://ia600804.us.archive.org/15/items/dpu-intro-archiv/UFO321_Intro%20von%20Bj%C3%B6rn13.mp3
,UFO322 Taylor,Philipp,27.08.22,https://ia600804.us.archive.org/15/items/dpu-intro-archiv/UFO322_Intro%20von%20Philipp.mp3
,UFO324 Introvertiert,Max,10.09.22,https://ia600804.us.archive.org/15/items/dpu-intro-archiv/UFO324_Intro%20von%20Max.mp3
,UFO325 Nolens Volens,10TonObsidian,17.09.22,https://ia600804.us.archive.org/15/items/dpu-intro-archiv/UFO325_Intro%20von%2010TonObsidian.mp3
,UFO326 Rennbahn,Tobias,24.09.22,https://ia600804.us.archive.org/15/items/dpu-intro-archiv/UFO326_Intro%20von%20Tobias.mp3
,UFO328 Blende,Sebastian,08.10.22,https://ia600804.us.archive.org/15/items/dpu-intro-archiv/UFO328_Intro%20von%20Sebastian.mp3
,UFO330 Gummi,Josef,22.10.22,https://ia600804.us.archive.org/15/items/dpu-intro-archiv/UFO330_Intro%20von%20Josef.mp3
,UFO331 Los,Marlon,29.10.22,https://ia600804.us.archive.org/15/items/dpu-intro-archiv/UFO331_Intro%20von%20Marlon.mp3
,UFO332 Kein Mitleid,Carolin,08.11.22,https://ia600804.us.archive.org/15/items/dpu-intro-archiv/UFO332_Intro%20von%20Carolin.mp3
,UFO333 Truthuhn,Adrian,12.11.22,https://ia600804.us.archive.org/15/items/dpu-intro-archiv/UFO333_Intro%20von%20Adrian.mp3
,UFO334 Hydra,Leo,19.11.22,https://ia600804.us.archive.org/15/items/dpu-intro-archiv/UFO334_Intro%20von%20Leo.mp3
,UFO335 Yabadabadoo,Valentin,26.11.22,https://ia600804.us.archive.org/15/items/dpu-intro-archiv/UFO335_Intro%20von%20Valentin.mp3
,UFO336 Goldbarren,Linus,03.12.22,https://ia600804.us.archive.org/15/items/dpu-intro-archiv/UFO336_Intro%20von%20Linus%20%28%2B%20ein%20Lied%20von%20Anna%29.mp3
,UFO337 Poolnudel,Sanja,10.12.22,https://ia600804.us.archive.org/15/items/dpu-intro-archiv/UFO337_Intro%20von%20Sanja%20%28%2B%20ein%20Lied%20von%20Damian%29.mp3
,UFO338 Lachflasche,Donald Al Fagen,17.12.22,https://ia600804.us.archive.org/15/items/dpu-intro-archiv/UFO338_Intro%20von%20Donald%20Al%20Fagen.mp3
,UFO339 Schenkung,Rosa und Patrick,24.12.22,https://ia600804.us.archive.org/15/items/dpu-intro-archiv/UFO339_Intro%20von%20Rosa%20und%20Patrick.mp3
,UFO340 Schweigen,Danny,07.01.23,https://ia600804.us.archive.org/15/items/dpu-intro-archiv/UFO340_Intro%20von%20Danny.mp3
,UFO341 666,Cyrill & Till,14.01.23,https://ia600804.us.archive.org/15/items/dpu-intro-archiv/UFO341_Intro%20von%20Cyrill%20%26%20Till.mp3
,UFO342 Die Schatzinsel,Jim,21.01.23,https://ia600804.us.archive.org/15/items/dpu-intro-archiv/UFO342_Intro%20von%20Jim.mp3
,UFO343 Knopf,Corinna,28.01.23,https://ia600804.us.archive.org/15/items/dpu-intro-archiv/UFO343_Intro%20von%20Corinna.mp3
,UFO344 Villa,Maximilian,04.02.23,https://ia600804.us.archive.org/15/items/dpu-intro-archiv/UFO344_Intro%20von%20Maximilian.mp3
,UFO345 Schlauch,Simon,11.02.23,https://ia600804.us.archive.org/15/items/dpu-intro-archiv/UFO345_Intro%20von%20Simon.mp3
,UFO346 Prenzie,Jonas,18.02.23,https://ia600804.us.archive.org/15/items/dpu-intro-archiv/UFO346_Intro%20von%20Jonas.mp3
,UFO347 Viertelmeile,"Tom, Sabine, Gregor, Bianca, Lisa, Christian, Max und Peter",25.02.23,https://ia600804.us.archive.org/15/items/dpu-intro-archiv/UFO347_Intro%20von%20Tom%2C%20Sabine%2C%20Gregor%2C%20Bianca%2C%20Lisa%2C%20Christian%2C%20Max%20und%20Peter.mp3
,UFO348 Göffel,Lenny,04.03.23,https://ia600804.us.archive.org/15/items/dpu-intro-archiv/UFO348_Intro%20von%20Lenny.mp3
,UFO349 Körperöffnung,Tobias,11.03.23,https://ia600804.us.archive.org/15/items/dpu-intro-archiv/UFO349_Intro%20von%20Tobias.mp3
,UFO350 Buzz,Richard,18.03.23,https://ia600804.us.archive.org/15/items/dpu-intro-archiv/UFO350_Intro%20von%20Richard.mp3
,UFO351 Reifemeister,Kai aka Kispa,25.03.23,https://ia600804.us.archive.org/15/items/dpu-intro-archiv/UFO351_Intro%20von%20Kai%20aka%20Kispa.mp3
,UFO352 Impuls,Stefan,01.04.23,https://ia600804.us.archive.org/15/items/dpu-intro-archiv/UFO352_Intro%20von%20Stefan.mp3
,UFO353 Lippen,Lennart,08.04.23,https://ia600804.us.archive.org/15/items/dpu-intro-archiv/UFO353_Intro%20von%20Lennart.mp3
,UFO354 Geraeusch,Marwin,15.04.23,https://ia600804.us.archive.org/15/items/dpu-intro-archiv/UFO354_Intro%20von%20Marwin.mp3
,UFO355 Ompel,Patrick,22.04.23,https://ia600804.us.archive.org/15/items/dpu-intro-archiv/UFO355_Intro%20von%20Patrick.mp3
,UFO356 Weiter,Kristina,29.04.23,https://ia600804.us.archive.org/15/items/dpu-intro-archiv/UFO356_Intro%20von%20Kristina.mp3
,UFO357 Täuber,Kolja & Jair,06.05.23,https://ia600804.us.archive.org/15/items/dpu-intro-archiv/UFO357_Intro%20von%20Kolja%20%26%20Jair.mp3
,UFO358 Ecke,Max,13.05.23,https://ia600804.us.archive.org/15/items/dpu-intro-archiv/UFO358_Intro%20von%20Max.mp3
,UFO359 Orakel,Paul,10.05.23,https://ia600804.us.archive.org/15/items/dpu-intro-archiv/UFO359_Intro%20von%20Paul.mp3
,UFO360 Hawaii,Alex & Flo,27.05.23,https://ia600804.us.archive.org/15/items/dpu-intro-archiv/UFO360_Intro%20von%20Alex%20%26%20Flo.mp3
,UFO361 Putsch,Nico,03.06.23,https://ia600804.us.archive.org/15/items/dpu-intro-archiv/UFO361_Intro%20von%20Nico.mp3
,UFO362 Haus und Hos',Leon,10.06.23,https://ia600804.us.archive.org/15/items/dpu-intro-archiv/UFO362_Intro%20von%20Leon.mp3
,UFO363 Druck,Leon,17.06.23,https://ia600804.us.archive.org/15/items/dpu-intro-archiv/UFO363_Intro%20von%20Leon.mp3
,UFO364 Julo,Deadmold,24.06.23,https://ia600804.us.archive.org/15/items/dpu-intro-archiv/UFO364_Intro%20von%20Deadmold.mp3
,UFO365 Gulden,Tim,01.07.23,https://ia600804.us.archive.org/15/items/dpu-intro-archiv/UFO365_Intro%20von%20Tim.mp3
,UFO366 Rose,Mattis,08.07.23,https://ia600804.us.archive.org/15/items/dpu-intro-archiv/UFO366_Intro%20von%20Mattis.mp3
,UFO367 Uhu,Nils,15.07.23,https://ia600804.us.archive.org/15/items/dpu-intro-archiv/UFO367_Intro%20von%20Nils.mp3
,UFO368 Donnerstein,Linus,22.07.23,https://ia600804.us.archive.org/15/items/dpu-intro-archiv/UFO368_Intro%20von%20Linus.mp3
,UFO369 Daumen hoch!,Ferris,29.07.23,https://ia600804.us.archive.org/15/items/dpu-intro-archiv/UFO369_Intro%20von%20Ferris.mp3
,UFO370 Kirsche,Flo von Druckluft,05.08.23,https://ia600804.us.archive.org/15/items/dpu-intro-archiv/UFO370_Intro%20von%20Flo%20von%20Druckluft.mp3
,UFO371 Luftkuchen,Victoria & Leo,12.08.23,https://ia600804.us.archive.org/15/items/dpu-intro-archiv/UFO371_Intro%20von%20Victoria%20%26%20Leo.mp3
,UFO372 Clarice,Michel,19.08.23,https://ia600804.us.archive.org/15/items/dpu-intro-archiv/UFO372_Intro%20von%20Michel.mp3
,UFO373 Zwitschedurie,Lilli,26.08.23,https://ia600804.us.archive.org/15/items/dpu-intro-archiv/UFO373_Intro%20von%20Lilli.mp3
,UFO374 Marienkäferchen,Lars,02.09.23,https://ia600804.us.archive.org/15/items/dpu-intro-archiv/UFO374_Intro%20von%20Lars.mp3
,UFO375 Eliens,Thomas,09.09.23,https://ia600804.us.archive.org/15/items/dpu-intro-archiv/UFO375_Intro%20von%20Thomas.mp3
,UFO376 Knirps,Alex,16.09.23,https://ia600804.us.archive.org/15/items/dpu-intro-archiv/UFO376_Intro%20von%20Alex.mp3
,UFO377 Papi,Steffen,23.09.23,https://ia600804.us.archive.org/15/items/dpu-intro-archiv/UFO377_Intro%20von%20Steffen.mp3
,UFO378 Warum mögen wir was uns unglücklich macht?,Esther & Justus,30.09.23,https://ia600804.us.archive.org/15/items/dpu-intro-archiv/UFO378_Intro%20von%20Esther%20%26%20Justus.mp3
,UFO379 Können wir nochmal über die Rhönradsituation sprechen?,Max,07.10.23,https://ia600804.us.archive.org/15/items/dpu-intro-archiv/UFO379_Intro%20von%20Max.mp3
,UFO380 Hutreiz,Thomas,14.10.23,https://ia600804.us.archive.org/15/items/dpu-intro-archiv/UFO380_Intro%20von%20Thomas.mp3
,UFO381 Kamadu,Toni,21.10.23,https://ia600804.us.archive.org/15/items/dpu-intro-archiv/UFO381_Intro%20von%20Toni.mp3
,UFO382 Feucht,Andreas,27.10.23,https://ia600804.us.archive.org/15/items/dpu-intro-archiv/UFO382_Intro%20von%20Andreas.mp3
,UFO383 Unterjährig,"Lucia, Hannes, Lee und Moritz",11.11.23,https://ia600804.us.archive.org/15/items/dpu-intro-archiv/UFO383_Intro%20von%20Lucia%2C%20Hannes%2C%20Lee%20und%20Moritz.mp3
,UFO384 Wirbellos,"Johannes, Philine",11.11.23,https://ia600804.us.archive.org/15/items/dpu-intro-archiv/UFO384_Intro%20von%20Johannes%2C%20Philine.mp3
,UFO385 Hürde,Käthe,18.11.23,https://ia600804.us.archive.org/15/items/dpu-intro-archiv/UFO385_Intro%20von%20K%C3%A4the.mp3
,UFO386 Taube,Jonas,25.11.23,https://ia600804.us.archive.org/15/items/dpu-intro-archiv/UFO386_Intro%20von%20Jonas.mp3
,UFO387 Sekret,Max,02.12.23,https://ia600804.us.archive.org/15/items/dpu-intro-archiv/UFO387_Intro%20von%20Max.mp3
,UFO388 Baum,Max,09.12.23,https://ia600804.us.archive.org/15/items/dpu-intro-archiv/UFO388_Intro%20von%20Max.mp3
,UFO389 Alphabet 3,Julian,16.12.23,https://ia600804.us.archive.org/15/items/dpu-intro-archiv/UFO389_Intro%20von%20Julian.mp3
,UFO390 Schlieg,Julian,23.12.23,https://ia600804.us.archive.org/15/items/dpu-intro-archiv/UFO390_Intro%20von%20Julian.mp3
,UFO391 Durst,David,30.12.23,https://ia600804.us.archive.org/15/items/dpu-intro-archiv/UFO391_Intro%20von%20David.mp3
,UFO392 Pika,Stefan,06.01.24,https://ia600804.us.archive.org/15/items/dpu-intro-archiv/UFO392_Intro%20von%20Stefan.mp3
,UFO393 Koeffizient,Danowitch,13.01.24,https://ia600804.us.archive.org/15/items/dpu-intro-archiv/UFO393_Intro%20von%20Danowitch.mp3
,UFO394 Bierkorken,Paula & Jo,20.01.24,https://ia600804.us.archive.org/15/items/dpu-intro-archiv/UFO394_Intro%20von%20Paula%20%26%20Jo.mp3
,UFO395 Schmerz,Samuel,27.01.24,https://ia600804.us.archive.org/15/items/dpu-intro-archiv/UFO395_Intro%20von%20Samuel.mp3
,UFO396 Robo,Luca & André,03.02.24,https://ia600804.us.archive.org/15/items/dpu-intro-archiv/UFO396_Intro%20von%20Luca%20%26%20Andr%C3%A9.mp3
,UFO397 Bologna,Robin,10.02.24,https://ia600804.us.archive.org/15/items/dpu-intro-archiv/UFO397_Intro%20von%20Robin.mp3
,UFO398 Konsortium,Annika,17.02.24,https://ia600804.us.archive.org/15/items/dpu-intro-archiv/UFO398_Intro%20von%20Annika.mp3
,UFO399 Suez,Niklas,24.02.24,https://ia600804.us.archive.org/15/items/dpu-intro-archiv/UFO399_Intro%20von%20Niklas.mp3
,UFO400 Ubus Priates,Moflitz,02.03.24,https://ia600804.us.archive.org/15/items/dpu-intro-archiv/UFO400_Intro%20von%20Moflitz.mp3
,UFO401 Abblasen,Susi,09.03.24,https://ia600804.us.archive.org/15/items/dpu-intro-archiv/UFO401_Intro%20von%20Susi.mp3
,UFO402 World Disney,Orkan und Malte,16.03.24,https://ia600804.us.archive.org/15/items/dpu-intro-archiv/UFO402_Intro%20von%20Orkan%20und%20Malte.mp3
,UFO403 Lichtung,Felix,23.03.24,https://ia600804.us.archive.org/15/items/dpu-intro-archiv/UFO403_Intro%20von%20Felix.mp3
,UFO404 Montaña y Flora,Leon,30.03.24,https://ia600804.us.archive.org/15/items/dpu-intro-archiv/UFO404_Intro%20von%20Leon.mp3
,UFO405 Das Innere Auge,Michael,06.04.24,https://ia600804.us.archive.org/15/items/dpu-intro-archiv/UFO405_Intro%20von%20Michael.mp3
,UFO406 Hammse,Janis,13.04.24,https://ia600804.us.archive.org/15/items/dpu-intro-archiv/UFO406_Intro%20von%20Janis.mp3
,UFO407 Walsturz,Jakob,20.04.24,https://ia600804.us.archive.org/15/items/dpu-intro-archiv/UFO407_Intro%20von%20Jakob.mp3
,UFO408 Die Trivialität des Besonderen,Damian,04.05.24,https://ia600804.us.archive.org/15/items/dpu-intro-archiv/UFO408_Intro%20von%20Damian.mp3
,UFO409 Pumped Kirby,Svenja,04.05.24,https://ia600804.us.archive.org/15/items/dpu-intro-archiv/UFO409_Intro%20von%20Svenja.mp3
,UFO410 Halt Stop,Luca,11.05.24,https://ia600804.us.archive.org/15/items/dpu-intro-archiv/UFO410_Intro%20von%20Luca.mp3
,UFO411 Mehrseitiges Dokument,Tobi,18.05.24,https://ia600804.us.archive.org/15/items/dpu-intro-archiv/UFO411_Intro%20von%20Tobi.mp3
,UFO412 Schatten in Rom,Josefin,25.05.24,https://ia600804.us.archive.org/15/items/dpu-intro-archiv/UFO412_Intro%20von%20Josefin.mp3
,UFO413 Glocken in Dublin,BULSADER,01.06.24,https://ia600804.us.archive.org/15/items/dpu-intro-archiv/UFO413_Intro%20von%20BULSADER.mp3
,UFO414 Nixhts ist besser als was,SIR SONNTAG,08.06.24,https://ia600804.us.archive.org/15/items/dpu-intro-archiv/UFO414_Intro%20von%20SIR%20SONNTAG.mp3
,UFO415 Gorgo,Patrick,15.06.24,https://ia600804.us.archive.org/15/items/dpu-intro-archiv/UFO415_Intro%20von%20Patrick.mp3
,UFO416 Döner,Leon,22.06.24,https://ia600804.us.archive.org/15/items/dpu-intro-archiv/UFO416_Intro%20von%20Leon%20%28nuderanch%29.mp3
,UFO417 Tüte,Jakob,28.06.24,https://ia600804.us.archive.org/15/items/dpu-intro-archiv/UFO417_Intro%20von%20Jakob.mp3
,UFO418 Lederhuttragender Nekromant,Kyrill,06.06.24,https://ia600804.us.archive.org/15/items/dpu-intro-archiv/UFO418_Intro%20von%20Kyrill.mp3
,UFO419 Komfort,Antonia,13.06.24,https://ia600804.us.archive.org/15/items/dpu-intro-archiv/UFO419_Intro%20von%20Antonia.mp3
,UFO420 Alle?,Alex,20.07.24,https://ia600804.us.archive.org/15/items/dpu-intro-archiv/UFO420_Intro%20von%20Alex.mp3
,UFO421 Kapitalissimus,Matthias,27.07.24,https://ia600804.us.archive.org/15/items/dpu-intro-archiv/UFO421_Intro%20von%20Matthias.mp3
,UFO422 Esel,"Tobias, Max und Svenja",03.08.24,https://ia600804.us.archive.org/15/items/dpu-intro-archiv/UFO422_Intro%20von%20Tobias%2C%20Max%20und%20Svenja.mp3
,UFO423 Rentier,Samuel,10.08.24,https://ia600804.us.archive.org/15/items/dpu-intro-archiv/UFO423_Intro%20von%20Samuel.mp3
,UFO424 Zwei Weltmeisterbrötchen,Misty,17.08.24,https://ia600804.us.archive.org/15/items/dpu-intro-archiv/UFO424_Intro%20von%20Misty.mp3
,UFO425 Die Stimme des Intellekts ist leise,Jan und Natalie,24.08.24,https://ia600804.us.archive.org/15/items/dpu-intro-archiv/UFO425_Intro%20von%20Jan%20und%20Natalie.mp3
,UFO426 Gong,Emil,31.08.24,https://ia600804.us.archive.org/15/items/dpu-intro-archiv/UFO426_Intro%20von%20Emil.mp3
,UFO427 Bitte Dick,TJ und Jojo,07.09.24,https://ia600804.us.archive.org/15/items/dpu-intro-archiv/UFO427_Intro%20von%20TJ%20und%20Jojo.mp3
,UFO428 Antiwunder,Adrian,14.09.24,https://ia600804.us.archive.org/15/items/dpu-intro-archiv/UFO428_Intro%20von%20Adrian.mp3
,UFO429 Noreply,Jonas,21.09.24,https://ia600804.us.archive.org/15/items/dpu-intro-archiv/UFO429_Intro%20von%20Jonas.mp3
,UFO430 Aber es steht,Max,28.09.24,https://ia600804.us.archive.org/15/items/dpu-intro-archiv/UFO430_Intro%20von%20Max.mp3
,UFO431 Gruseltober,Daniel,05.10.24,https://ia600804.us.archive.org/15/items/dpu-intro-archiv/UFO431_Intro%20von%20Daniel.mp3
,UFO432 Erraeff,Ferdinand,12.10.24,https://ia600804.us.archive.org/15/items/dpu-intro-archiv/UFO432_Intro%20von%20Ferdinand.mp3
,UFO433 Bernstein,Jorge und Farmer,19.10.24,https://ia600804.us.archive.org/15/items/dpu-intro-archiv/UFO433_Intro%20von%20Jorge%20und%20Farmer.mp3
,UFO434 Aalhaken,Daniel,26.10.24,https://ia600804.us.archive.org/15/items/dpu-intro-archiv/UFO434_Intro%20von%20Daniel.mp3
,UFO435 Der Code,Malte,02.11.24,https://ia600804.us.archive.org/15/items/dpu-intro-archiv/UFO435_Intro%20von%20Malte.mp3
,UFO436 Großelb,Ophelia,09.11.24,https://ia600804.us.archive.org/15/items/dpu-intro-archiv/UFO436_Intro%20von%20Ophelia.mp3
,UFO437 Nogger,Caro und Toni,16.11.24,https://ia600804.us.archive.org/15/items/dpu-intro-archiv/UFO437_Intro%20von%20Caro%20und%20Toni.mp3
,UFO438 Minus 16 LUFS,"Tobias, Max, hand und Svenja",23.11.24,https://ia600804.us.archive.org/15/items/dpu-intro-archiv/UFO438_Intro%20von%20Tobias%2C%20Max%2C%20hand%20und%20Svenja.mp3
,UFO439 Brass,Simon,30.11.24,https://ia600804.us.archive.org/15/items/dpu-intro-archiv/UFO439_Intro%20von%20Simon.mp3
,UFO440 Ramses,Benedict,07.12.24,https://ia600804.us.archive.org/15/items/dpu-intro-archiv/UFO440_Intro%20von%20Benedict.mp3
,UFO441 Bubbler,Ransen,14.12.24,https://ia600804.us.archive.org/15/items/dpu-intro-archiv/UFO441_Intro%20von%20Ransen.mp3
,UFO442 Geldeimer,Steffen,21.12.24,https://ia600804.us.archive.org/15/items/dpu-intro-archiv/UFO442_Intro%20von%20Steffen.mp3
,UFO443 Du-Botschaft,Thomas,28.12.24,https://ia600804.us.archive.org/15/items/dpu-intro-archiv/UFO443_Intro%20von%20Thomas.mp3
,UFO444 Die Prinzen,Clark,04.01.24,https://ia600804.us.archive.org/15/items/dpu-intro-archiv/UFO444_Intro%20von%20Clark.mp3
,UFO445 Luna Lunaris,Susi,11.01.24,https://ia600804.us.archive.org/15/items/dpu-intro-archiv/UFO445_Intro%20von%20Susi.mp3
,UFO446 Examiner,Johannes und Philine,18.01.24,https://ia600804.us.archive.org/15/items/dpu-intro-archiv/UFO446_Intro%20von%20Johannes%20und%20Philine.mp3
,UFO447 Idyll,Philipp,25.01.24,https://ia600804.us.archive.org/15/items/dpu-intro-archiv/UFO447_Intro%20von%20Philipp.mp3
,UFO448 Wenn schon dann richtig,Moritz,01.02.24,https://ia600804.us.archive.org/15/items/dpu-intro-archiv/UFO448_Intro%20von%20Moritz.mp3
,UFO449 Satellite,Sebastian,08.02.25,https://ia600804.us.archive.org/15/items/dpu-intro-archiv/UFO449_Intro%20von%20Sebastian.mp3
,UFO450 Cookie,Jakob,15.02.25,https://ia600804.us.archive.org/15/items/dpu-intro-archiv/UFO450_Intro%20von%20Jakob.mp3
,UFO451 Krank,Jan,22.02.25,https://ia600804.us.archive.org/15/items/dpu-intro-archiv/UFO451_Intro%20von%20Jan.mp3
,UFO452 Krank 2,Christopher,01.03.25,https://ia600804.us.archive.org/15/items/dpu-intro-archiv/UFO452_Intro%20von%20Christopher.mp3
,UFO453 Alraune,Kevin,08.03.25,https://ia600804.us.archive.org/15/items/dpu-intro-archiv/UFO453_Intro%20von%20Kevin.mp3
,UFO454 Kakaobohne im Schmetterlingshaus,Chris,15.03.25,https://ia600804.us.archive.org/15/items/dpu-intro-archiv/UFO454_Intro%20von%20Chris.mp3
,UFO455 Soft Summer,Moritz,22.03.25,https://ia600804.us.archive.org/15/items/dpu-intro-archiv/UFO455_Intro%20von%20Moritz.mp3
,UFO456 Vollgas,David,29.03.25,https://ia600804.us.archive.org/15/items/dpu-intro-archiv/UFO456_Intro%20von%20David.mp3
,UFO457 Mixer,Moritz,05.04.25,https://ia600804.us.archive.org/15/items/dpu-intro-archiv/UFO457_Intro%20von%20Moritz.mp3
,UFO458 Service,Käthe,12.04.25,https://ia600804.us.archive.org/15/items/dpu-intro-archiv/UFO458_Intro%20von%20K%C3%A4the.mp3
,UFO459 Ei,Toni und Caro,19.04.25,https://ia600804.us.archive.org/15/items/dpu-intro-archiv/UFO459_Intro%20von%20Toni%20und%20Caro.mp3
,UFO460 Schuppen,Christoph,26.04.25,https://ia600804.us.archive.org/15/items/dpu-intro-archiv/UFO460_Intro%20von%20Christoph.mp3
,UFO461 Problema,Paul,03.05.25,https://ia600804.us.archive.org/15/items/dpu-intro-archiv/UFO461_Intro%20von%20Paul.mp3
,UFO462 Flachwesen,Jasper und Malte,10.05.25,https://ia600804.us.archive.org/15/items/dpu-intro-archiv/UFO462_Intro%20von%20Jasper%20und%20Malte.mp3
,UFO463 Warenentwertung,Adrian,17.05.25,https://ia600804.us.archive.org/15/items/dpu-intro-archiv/UFO463_Intro%20von%20Adrian.mp3
,UFO464 Füller,Marco,24.05.25,https://ia600804.us.archive.org/15/items/dpu-intro-archiv/UFO464_Intro%20von%20Marco.mp3
,UFO465 Lendenschurz,Florian,31.05.25,https://ia600804.us.archive.org/15/items/dpu-intro-archiv/UFO465_Intro%20von%20Florian.mp3
,UFO466 Waschbär Waschbär Waschbär,Jasmin,07.06.25,https://ia600804.us.archive.org/15/items/dpu-intro-archiv/UFO466_Intro%20von%20Jasmin.mp3
,UFO467 5-Euro-Schein,Niklas,14.06.25,https://ia600804.us.archive.org/15/items/dpu-intro-archiv/UFO467_Intro%20von%20Niklas.mp3
,UFO468 Meteorit,Stefan,21.06.25,https://ia600804.us.archive.org/15/items/dpu-intro-archiv/UFO468_Intro%20von%20Stefan.mp3
,UFO469 Die Mumie,Tobias,28.06.25,https://ia600804.us.archive.org/15/items/dpu-intro-archiv/UFO469_Intro%20von%20Tobias.mp3
,UFO470 Soor,Maximilian,05.07.25,https://ia600804.us.archive.org/15/items/dpu-intro-archiv/UFO470_Intro%20von%20Maximilian.mp3
,UFO471 Opt-Out,Marten,12.07.25,https://ia600804.us.archive.org/15/items/dpu-intro-archiv/UFO471_Intro%20von%20Marten.mp3
,UFO472 Summer Garden,Michi,19.07.25,https://ia600804.us.archive.org/15/items/dpu-intro-archiv/UFO472_Intro%20von%20Michi.mp3
,UFO473 Ekatastrophe,Toni,26.07.25,https://ia600804.us.archive.org/15/items/dpu-intro-archiv/UFO473_Intro%20von%20Toni.mp3
,UFO474 Labba Labba Labba,Marwin,02.08.25,https://ia600804.us.archive.org/15/items/dpu-intro-archiv/UFO474_Intro%20von%20Marwin.mp3
,UFO475 Scharfe Dinger,Patrick,09.08.25,https://ia600804.us.archive.org/15/items/dpu-intro-archiv/UFO475_Intro%20von%20Patrick.mp3
,UFO476 Nano,Melles,16.08.25,https://ia600804.us.archive.org/15/items/dpu-intro-archiv/UFO476_Intro%20von%20Melles.mp3
,UFO477 Sieb,Dominik,23.08.25,https://ia600804.us.archive.org/15/items/dpu-intro-archiv/UFO477_Intro%20von%20Dominik.mp3
,UFO478 Legeröhre,Julian,30.08.25,https://ia600804.us.archive.org/15/items/dpu-intro-archiv/UFO478_Intro%20von%20Julian.mp3
,UFO479 Morelle,DrDingsbumsKemper,06.09.25,https://ia600804.us.archive.org/15/items/dpu-intro-archiv/UFO479_Intro%20von%20DrDingsbumsKemper.mp3
,UFO480 Wapwatsch,Moritz,13.09.25,https://ia600804.us.archive.org/15/items/dpu-intro-archiv/UFO480_Intro%20von%20Moritz.mp3
,UFO481 Kabinenmann,SirSonntag und RaphitGirl,20.09.25,https://ia600804.us.archive.org/15/items/dpu-intro-archiv/UFO481_Intro%20von%20SirSonntag%20und%20RaphitGirl.mp3
,UFO482 Kosmische Karotte,Jim,27.09.25,https://ia600804.us.archive.org/15/items/dpu-intro-archiv/UFO482_Intro%20von%20Jim.mp3
,UFO483 Hügelchen,Theo Weise,04.10.25,https://ia600804.us.archive.org/15/items/dpu-intro-archiv/UFO483_Intro%20von%20Theo%20Weise.mp3
,UFO484 Serum,Cass,11.10.25,https://ia600804.us.archive.org/15/items/dpu-intro-archiv/UFO484_Intro%20von%20Cass.mp3
,UFO485 Gürkchen,Thomas,18.10.25,https://ia600804.us.archive.org/15/items/dpu-intro-archiv/UFO485_Intro%20von%20Thomas.mp3
,UFO486 Molkor,Max,25.10.25,https://ia600804.us.archive.org/15/items/dpu-intro-archiv/UFO486_Intro%20von%20Max.mp3
,UFO487 Harakigel,Moritz,01.11.25,https://ia600804.us.archive.org/15/items/dpu-intro-archiv/UFO487_Intro%20von%20Moritz.mp3
,UFO488 Park,Felix,08.11.25,https://ia600804.us.archive.org/15/items/dpu-intro-archiv/UFO488_Intro%20von%20Felix.mp3
,UFO489 Gewandung,Matthias,15.11.25,https://ia600804.us.archive.org/15/items/dpu-intro-archiv/UFO489_Intro%20von%20Matthias.mp3
,UFO490 Horn,Tobi,22.11.25,https://ia600804.us.archive.org/15/items/dpu-intro-archiv/UFO490_Intro%20von%20Tobi.mp3
,UFO491 Hort,Lars,29.11.25,https://ia600804.us.archive.org/15/items/dpu-intro-archiv/UFO491_Intro%20von%20Lars.mp3
,UFO492 Hoth,Leon,06.12.25,https://ia600804.us.archive.org/15/items/dpu-intro-archiv/UFO492_Intro%20von%20Leon.mp3
,UFO493 Hochgenommen,TJ und JoJo,13.12.25,https://ia600804.us.archive.org/15/items/dpu-intro-archiv/UFO493_Intro%20von%20TJ%20und%20JoJo.mp3
,UFO494 Galaxy,Max,20.12.25,https://ia600804.us.archive.org/15/items/dpu-intro-archiv/UFO494_Intro%20von%20Max.mp3
,UFO495 Ho ho ho!,Henri,27.12.25,https://ia600804.us.archive.org/15/items/dpu-intro-archiv/UFO495_Intro%20von%20Henri.mp3
,UFO496 Wurm,Leopold,03.01.26,https://ia600804.us.archive.org/15/items/dpu-intro-archiv/UFO496_Intro%20von%20Leopold.mp3
,UFO497 Tactical Pipps,Lena,10.01.26,https://ia600804.us.archive.org/15/items/dpu-intro-archiv/UFO497_Intro%20von%20Lena.mp3
,UFO498 Satellit,Michel & Yuria,17.01.26,https://ia600804.us.archive.org/15/items/dpu-intro-archiv/UFO498_Intro%20von%20Michel%20%26%20Yuria.mp3
,UFO499 Nappo,Steffen,24.01.26,https://ia600804.us.archive.org/15/items/dpu-intro-archiv/UFO499_Intro%20von%20Steffen.mp3
,UFO500 Wilma & Wolfgang,Richard,31.01.26,https://ia600804.us.archive.org/15/items/dpu-intro-archiv/UFO500_Intro%20von%20Richard.mp3
,UFO501 Kasse,Mattis,07.02.26,https://ia600804.us.archive.org/15/items/dpu-intro-archiv/UFO501_Intro%20von%20Mattis.mp3
,UFO502 Brotig,Tim,14.02.26,https://ia600804.us.archive.org/15/items/dpu-intro-archiv/UFO502_Intro%20von%20Tim.mp3
,UFO503 Luxus,Loffy,21.02.26,https://ia600804.us.archive.org/15/items/dpu-intro-archiv/UFO503_Intro%20von%20Loffy.mp3
,UFO504 Lautes Wasser,Lars,28.02.26,https://ia600804.us.archive.org/15/items/dpu-intro-archiv/UFO504_Intro%20von%20Lars.mp3
,UFO505 Vimeo vs. Jörg vs. The People,Rene,07.03.26,https://ia600804.us.archive.org/15/items/dpu-intro-archiv/UFO505_Intro%20von%20Rene.mp3
,UFO507 Verabreichen vielleicht?,Cedric,21.03.26,https://ia600804.us.archive.org/15/items/dpu-intro-archiv/UFO507_Intro%20von%20Cedric.mp3
,UFO508 Napf,Mike,21.03.26,https://ia600804.us.archive.org/15/items/dpu-intro-archiv/UFO508_Intro%20von%20Mike.mp3
,UFO509 Amphitryon,Patrick,28.03.26,https://ia600804.us.archive.org/15/items/dpu-intro-archiv/UFO509_Intro%20von%20Patrick.mp3
,UFO510 Gärkorb,Milan,04.04.26,https://ia600804.us.archive.org/15/items/dpu-intro-archiv/UFO510_Intro%20von%20Milan.mp3
,UFO511 Absolute Schwerelosigkeit,Josch,11.04.26,https://ia600804.us.archive.org/15/items/dpu-intro-archiv/UFO511_Intro%20von%20Josch.mp3
,UFO512 Postcast,Benjamin,18.04.26,https://ia600804.us.archive.org/15/items/dpu-intro-archiv/UFO512_Intro%20von%20Benjamin.mp3
,UFO513 Kohlensäure,Alex,25.04.26,https://ia600804.us.archive.org/15/items/dpu-intro-archiv/UFO513_Intro%20von%20Alex.mp3
,UFO514 Mappo Mappo,Rene,02.05.26,https://ia600804.us.archive.org/15/items/dpu-intro-archiv/UFO514_Intro%20von%20Rene.mp3
,UFO515 Viola,Thorsten,09.05.26,https://ia600804.us.archive.org/15/items/dpu-intro-archiv/UFO515_Intro%20von%20Thorsten.mp3
,UFO516 Voila,Udo,16.05.26,https://ia600804.us.archive.org/15/items/dpu-intro-archiv/UFO516_Intro%20von%20Udo.mp3
,UFO517 Diegese,Nils,23.05.26,https://ia600804.us.archive.org/15/items/dpu-intro-archiv/UFO517_Intro%20von%20Nils.mp3
