,Name,Veröffentlichungsdatum,AutorInnen,Länge in s,Länge in m,Link
,UFO123 Arrrrr!,25.01.2018,Denis,"24,32",0:24,https://archive.org/download/dpu-intro-archiv/UFO123_Intro%20von%20Denis.mp3
,UFO125 Rauchen,08.02.2018,Chris,"21,56",0:21,https://archive.org/download/dpu-intro-archiv/UFO125_Intro%20von%20Chris.mp3
,UFO126 Pyramiden,22.02.2018,Fritz Frittenfett,"29,09",0:29,https://archive.org/download/dpu-intro-archiv/UFO126_Intro%20von%20Fritz%20Frittenfett.mp3
,UFO127 Dachau,01.03.2018,Simon,"14,33",0:14,https://archive.org/download/dpu-intro-archiv/UFO127_Intro%20von%20Simon.mp3
,UFO129 Ein Fuchs geht nicht ins Krankenhaus,23.03.2018,Lisa,"10,95",0:10,https://archive.org/download/dpu-intro-archiv/UFO129_Intro%20von%20Lisa.mp3
,UFO130 Eier,31.03.2018,Lennart,"22,54",0:22,https://archive.org/download/dpu-intro-archiv/UFO130_Intro%20von%20Lennart.mp3
,"UFO132 Stefan Titze, ich find‘ du bist n’toller Typ!",25.04.2018,Den Solo,"43,05",0:43,https://archive.org/download/dpu-intro-archiv/UFO132_Intro%20von%20Den%20Solo.mp3
,UFO133 Denar,03.05.2018,Moritz,"27,11",0:27,https://archive.org/download/dpu-intro-archiv/UFO133_Intro%20von%20Moritz.mp3
,UFO134 Bochum Hotel,12.05.2018,Leon,"10,58",0:10,https://archive.org/download/dpu-intro-archiv/UFO134_Intro%20von%20Leon.mp3
,UFO135 Booty,18.05.2018,André,"34,4",0:34,https://archive.org/download/dpu-intro-archiv/UFO135_Intro%20von%20Andr%C3%A9.mp3
,UFO136 AIDS,24.05.2018,Felix,"11,99",0:11,https://archive.org/download/dpu-intro-archiv/UFO136_Intro%20von%20Felix.mp3
,UFO137 Who are you when no one’s watching?,01.06.2018,Valentin,"39,21",0:39,https://archive.org/download/dpu-intro-archiv/UFO137_Intro%20von%20Valentin.mp3
,UFO138 Gute Nacht,13.06.2018,Sören,"6,26",0:06,https://archive.org/download/dpu-intro-archiv/UFO138_Intro%20von%20S%C3%B6ren.mp3
,UFO139 Es regnet,21.06.2018,Jannis,"19,73",0:19,https://archive.org/download/dpu-intro-archiv/UFO139_Intro%20von%20Jannis.mp3
,UFO140 Ganz schön voll hier,09.07.2018,Sophie,"60,06",1:00,https://archive.org/download/dpu-intro-archiv/UFO140_Intro%20von%20Sophie.mp3
,UFO141 Sinnentleertes Lustwandeln,19.07.2018,Justus,"10,19",0:10,https://archive.org/download/dpu-intro-archiv/UFO141_Intro%20von%20Justus.mp3
,UFO142 Nachbarn,19.08.2018,Marc,"8,96",0:08,https://archive.org/download/dpu-intro-archiv/UFO142_Intro%20von%20Marc.mp3
,UFO143 Ohayō,23.08.2018,Markus,"21,24",0:21,https://archive.org/download/dpu-intro-archiv/UFO143_Intro%20von%20Markus.mp3
,UFO144 Pferd,02.09.2018,Christoph,"33,65",0:33,https://archive.org/download/dpu-intro-archiv/UFO144_Intro%20von%20Christoph.mp3
,UFO145 Bestellung,08.09.2018,Richard,"32,89",0:32,https://archive.org/download/dpu-intro-archiv/UFO145_Intro%20von%20Richard.mp3
,UFO148 Draußen,25.10.2018,Fabian,"17,06",0:17,https://archive.org/download/dpu-intro-archiv/UFO148_Intro%20von%20Fabian.mp3
,UFO149 Fehlkunst,01.11.2018,Sebastian (animiert von Lara),"20,11",0:20,https://archive.org/download/dpu-intro-archiv/UFO149_Intro%20von%20Sebastian%20%28animiert%20von%20Lara%29.mp3
,UFO150 Maya,16.11.2018,Chris,"8,7",0:08,https://archive.org/download/dpu-intro-archiv/UFO150_Intro%20von%20Chris.mp3
,"UFO152 Van Gogh, Picasso",08.11.2019,Waldi Wollo,"27,69",0:27,https://archive.org/download/dpu-intro-archiv/UFO152_Intro%20von%20Waldi%20Wollo.mp3
,UFO153 Bademantel,07.12.2018,Nico,"18,4",0:18,https://archive.org/download/dpu-intro-archiv/UFO153_Intro%20von%20Nico.mp3
,UFO156 Schuhu,28.01.2019,Michael,"30,25",0:30,https://archive.org/download/dpu-intro-archiv/UFO156_Intro%20von%20Michael.mp3
,UFO157 IS THE MOON CRASHING INTO EARTH?,10.02.2019,Florian,"17,68",0:17,https://archive.org/download/dpu-intro-archiv/UFO157_Intro%20von%20Florian.mp3
,UFO158 Katzendemos,14.02.2019,Markus,"24,82",0:24,https://archive.org/download/dpu-intro-archiv/UFO158_Intro%20von%20Markus.mp3
,UFO159 Sambazamba,22.02.2019,Leon,"25,23",0:25,https://archive.org/download/dpu-intro-archiv/UFO159_Intro%20von%20Leon.mp3
,UFO161 Zeppelin,09.03.2019,Florian,"40,1",0:40,https://archive.org/download/dpu-intro-archiv/UFO161_Intro%20von%20Florian.mp3
,UFO162 Feuerwehr,14.03.2019,Annabell & Sir N,"14,72",0:14,https://archive.org/download/dpu-intro-archiv/UFO162_Intro%20von%20Annabell%20%26%20Sir%20N.mp3
,UFO164 Queue,29.03.2019,Ben (von Rocket Beans TV),"27,14",0:27,https://archive.org/download/dpu-intro-archiv/UFO164_Intro%20von%20Ben%20%28von%20Rocket%20Beans%20TV%29.mp3
,UFO165 Trüffel,05.04.2019,Lukas,"17,58",0:17,https://archive.org/download/dpu-intro-archiv/UFO165_Intro%20von%20Lukas.mp3
,UFO166 Dreier,19.04.2019,Ferdinand,"20,3",0:20,https://archive.org/download/dpu-intro-archiv/UFO166_Intro%20von%20Ferdinand.mp3
,UFO167 Guten Morgen,25.04.2019,Iruka,"19,1",0:19,https://archive.org/download/dpu-intro-archiv/UFO167_Intro%20von%20Iruka.mp3
,UFO168 Hobby,04.05.2019,David Gee,"67,32",1:07,https://archive.org/download/dpu-intro-archiv/UFO168_Intro%20von%20David%20Gee.mp3
,UFO170 FHP,20.05.2019,Debbie,"29,26",0:29,https://archive.org/download/dpu-intro-archiv/UFO170_Intro%20von%20Debbie.mp3
,UFO171 Wringen,25.05.2019,Lars,"36,99",0:36,https://archive.org/download/dpu-intro-archiv/UFO171_Intro%20von%20Lars.mp3
,UFO173 Bien,14.06.2019,Clemens,"9,67",0:09,https://archive.org/download/dpu-intro-archiv/UFO173_Intro%20von%20Clemens.mp3
,UFO174 Giulia Becker,22.06.2019,Tobi,"21,94",0:21,https://archive.org/download/dpu-intro-archiv/UFO174_Intro%20von%20Tobi.mp3
,UFO176 T-Rex,10.07.2019,Maximilian,"34,46",0:34,https://archive.org/download/dpu-intro-archiv/UFO176_Intro%20von%20Maximilian.mp3
,UFO177 KI,18.07.2019,Malte,"22,36",0:22,https://archive.org/download/dpu-intro-archiv/UFO177_Intro%20von%20Malte.mp3
,UFO178 Schnuffeltuch,24.07.2019,Chris,"18,14",0:18,https://archive.org/download/dpu-intro-archiv/UFO178_Intro%20von%20Chris.mp3
,UFO179 Mein Beileid,31.07.2019,Felix,"26,78",0:26,https://archive.org/download/dpu-intro-archiv/UFO179_Intro%20von%20Felix.mp3
,"UFO180 Ja, ich kleckere!",16.08.2019,Max,"20,56",0:20,https://archive.org/download/dpu-intro-archiv/UFO180_Intro%20von%20Max.mp3
,UFO181 Zapata,06.09.2019,Micha,"22,88",0:22,https://archive.org/download/dpu-intro-archiv/UFO181_Intro%20von%20Micha.mp3
,UFO182 Enisratdul,15.09.2019,Maximilian,"33,83",0:33,https://archive.org/download/dpu-intro-archiv/UFO182_Intro%20von%20Maximilian.mp3
,UFO183 Ratschläge,19.09.2019,Leonard und Jano,"26,07",0:26,https://archive.org/download/dpu-intro-archiv/UFO183_Intro%20von%20Leonard%20und%20Jano.mp3
,UFO184 Nee,25.09.2019,Der Podcast Udo & Till & Eid Otter,"26,02",0:26,https://archive.org/download/dpu-intro-archiv/UFO184_Intro%20von%20Der%20Podcast%20Udo%20%26%20Till%20%26%20Eid%20Otter.mp3
,UFO185 Schuld Ich,05.10.2019,Marcel,"61,27",1:01,https://archive.org/download/dpu-intro-archiv/UFO185_Intro%20von%20Marcel.mp3
,UFO186 Überraschung!,12.10.2019,Christoph,"40,54",0:40,https://archive.org/download/dpu-intro-archiv/UFO186_Intro%20von%20Christoph.mp3
,UFO187 Hall all all,26.10.2019,Trommel-Torben und Polter-Holger,"87,25",1:27,https://archive.org/download/dpu-intro-archiv/UFO187_Intro%20von%20Trommel-Torben%20und%20Polter-Holger.mp3
,UFO188 thispodcastdoesnotexist,29.10.2019,Lothar,"50,21",0:50,https://archive.org/download/dpu-intro-archiv/UFO188_Intro%20von%20Lothar.mp3
,UFO189 Antenne Afrika,09.11.2019,Tobias,"19,8",0:19,https://archive.org/download/dpu-intro-archiv/UFO189_Intro%20von%20Tobias.mp3
,UFO190 Morgenstund,16.11.2019,Erik,"11,73",0:11,https://archive.org/download/dpu-intro-archiv/UFO190_Intro%20von%20Erik.mp3
,UFO191 Rollegg,23.11.2019,Kim und Sebbi,"26,91",0:26,https://archive.org/download/dpu-intro-archiv/UFO191_Intro%20von%20Kim%20und%20Sebbi.mp3
,UFO192 Luminol,30.11.2019,Julius,"11,83",0:11,https://archive.org/download/dpu-intro-archiv/UFO192_Intro%20von%20Julius.mp3
,UFO193 Spit,07.12.2019,Daniel,"23,51",0:23,https://archive.org/download/dpu-intro-archiv/UFO193_Intro%20von%20Daniel.mp3
,UFO195 Pufohub,21.12.2019,MC Schmied,"42,48",0:42,https://archive.org/download/dpu-intro-archiv/UFO195_Intro%20von%20MC%20Schmied.mp3
,UFO196 Kinnruck,29.12.2019,Leon,"32,37",0:32,https://archive.org/download/dpu-intro-archiv/UFO196_Intro%20von%20Leon.mp3
,UFO197 Kompliment!,18.01.2020,Michael aka Leafgreen,"19,77",0:19,https://archive.org/download/dpu-intro-archiv/UFO197_Intro%20von%20Michael%20aka%20Leafgreen.mp3
,UFO199 Parfumkreis,01.02.2020,Christoph,"20,24",0:20,https://archive.org/download/dpu-intro-archiv/UFO199_Intro%20von%20Christoph.mp3
,UFO200 Zweihundert,08.02.2020,Tobias,"84,58",1:24,https://archive.org/download/dpu-intro-archiv/UFO200_Intro%20von%20Tobias.mp3
,UFO201 Hilarius,15.02.2020,Leander,"29,26",0:29,https://archive.org/download/dpu-intro-archiv/UFO201_Intro%20von%20Leander.mp3
,UFO202 Superman 3,22.02.2020,Malte,"60,4",1:00,https://archive.org/download/dpu-intro-archiv/UFO202_Intro%20von%20Malte.mp3
,UFO204 Abenteuer,07.03.2020,"Ruth, Rebecca und ihren Tonmeister Philipp","98,4",1:38,https://archive.org/download/dpu-intro-archiv/UFO204_Intro%20von%20Ruth%2C%20Rebecca%20und%20ihren%20Tonmeister%20Philipp.mp3
,UFO205 Knall,14.03.2020,Kristina,"144,48",2:24,https://archive.org/download/dpu-intro-archiv/UFO205_Intro%20von%20Kristina.mp3
,UFO206 BTHVN,21.03.2020,Nele und Max,"41,4",0:41,https://archive.org/download/dpu-intro-archiv/UFO206_Intro%20von%20Nele%20und%20Max.mp3
,UFO207 Worstbird,28.03.2020,Caveman Coba & Cripple X,"63,61",1:03,https://archive.org/download/dpu-intro-archiv/UFO207_Intro%20von%20Caveman%20Coba%20%26%20Cripple%20X.mp3
,UFO208 50 Dollar,04.04.2020,Yannick,"32,18",0:32,https://archive.org/download/dpu-intro-archiv/UFO208_Intro%20von%20Yannick.mp3
,UFO209 Dramatically,11.04.2020,Hannes,"54,96",0:54,https://archive.org/download/dpu-intro-archiv/UFO209_Intro%20von%20Hannes.mp3
,UFO210 Zu Berge,18.04.2020,Daniel,"52,66",0:52,https://archive.org/download/dpu-intro-archiv/UFO210_Intro%20von%20Daniel.mp3
,UFO211 Assistant to Mr. Titze,25.04.2020,Tobi,18,0:17,https://archive.org/download/dpu-intro-archiv/UFO211_Intro%20von%20Tobi.mp3
,UFO212 Shaggy Shillok Sherlock,02.05.2020,Damian,"28,06",0:28,https://archive.org/download/dpu-intro-archiv/UFO212_Intro%20von%20Damian.mp3
,UFO213 Rest,09.05.2020,Markus,"44,59",0:44,https://archive.org/download/dpu-intro-archiv/UFO213_Intro%20von%20Markus.mp3
,UFO214 Betreff,16.05.2020,Rafael,"26,7",0:26,https://archive.org/download/dpu-intro-archiv/UFO214_Intro%20von%20Rafael.mp3
,UFO215 Manolo,25.04.2020,Yung Urheber,"64,65",1:04,https://archive.org/download/dpu-intro-archiv/UFO215_Intro%20von%20Yung%20Urheber.mp3
,UFO216 Stellt sich raus,30.05.2020,Camilo,"52,64",0:52,https://archive.org/download/dpu-intro-archiv/UFO216_Intro%20von%20Camilo.mp3
,UFO217 T-Minus,06.06.2020,Daniel,"31,74",0:31,https://archive.org/download/dpu-intro-archiv/UFO217_Intro%20von%20Daniel.mp3
,UFO218 Bon of Love,13.06.2020,Daniel,"38,35",0:38,https://archive.org/download/dpu-intro-archiv/UFO218_Intro%20von%20Daniel%20%28mit%20Outro%20von%20Hans%29.mp3
,UFO219 Not so Fast,20.06.2020,Caveman Coba & Cripple X,"55,61",0:55,https://archive.org/download/dpu-intro-archiv/UFO219_Intro%20von%20Caveman%20Coba%20%26%20Cripple%20X.mp3
,UFO220 Apfelmove,27.06.2020,Alex,"38,03",0:38,https://archive.org/download/dpu-intro-archiv/UFO220_Intro%20von%20Alex.mp3
,UFO221 Cortez,04.07.2020,Tim,"56,16",0:56,https://archive.org/download/dpu-intro-archiv/UFO221_Intro%20von%20Tim.mp3
,UFO222 Blumen,22.08.2020,Yannick,"29,68",0:29,https://archive.org/download/dpu-intro-archiv/UFO222_Intro%20von%20Yannick.mp3
,UFO223 Dauerwelle,29.08.2020,Annabell und Johannes,"52,61",0:52,https://archive.org/download/dpu-intro-archiv/UFO223_Intro%20von%20Annabell%20und%20Johannes.mp3
,UFO224 Bamborghini,05.09.2020,Nils,"52,6",0:52,https://archive.org/download/dpu-intro-archiv/UFO224_Intro%20von%20Nils.mp3
,UFO225 An den Pranger stellen,12.09.2020,Julian,"26,54",0:26,https://archive.org/download/dpu-intro-archiv/UFO225_Intro%20von%20Julian.mp3
,UFO226 So viel Zeit muss sein,19.09.2020,Niklas,"31,64",0:31,https://archive.org/download/dpu-intro-archiv/UFO226_Intro%20von%20Niklas.mp3
,UFO227 Dortig,26.09.2020,Timo,"39,29",0:39,https://archive.org/download/dpu-intro-archiv/UFO227_Intro%20von%20Timo.mp3
,UFO228 Lapis Lazuli,03.10.2020,Simon,"48,67",0:48,https://archive.org/download/dpu-intro-archiv/UFO228_Intro%20von%20Simon.mp3
,UFO229 Klemmbau,10.10.2020,Ice Bär,"77,29",1:17,https://archive.org/download/dpu-intro-archiv/UFO229_Intro%20von%20Ice%20B%C3%A4r.mp3
,UFO230 Wildwasser,17.10.2020,Marcus,"32,1",0:32,https://archive.org/download/dpu-intro-archiv/UFO230_Intro%20von%20Marcus.mp3
,UFO231 Lecker Mate,31.10.2020,Caveman Coba & Cripple X,"92,76",1:32,https://archive.org/download/dpu-intro-archiv/UFO231_Intro%20von%20Caveman%20Coba%20%26%20Cripple%20X.mp3
,UFO232 Schotten,07.11.2020,Josch,"18,31",0:18,https://archive.org/download/dpu-intro-archiv/UFO232_Intro%20von%20Josch.mp3
,UFO233 Krake,14.11.2020,Lothar,"39,29",0:39,https://archive.org/download/dpu-intro-archiv/UFO233_Intro%20von%20Lothar.mp3
,UFO234 Vierkäse,21.11.2020,Sina und Marla,"28,19",0:28,https://archive.org/download/dpu-intro-archiv/UFO234_Intro%20von%20Sina%20und%20Marla.mp3
,UFO235 Eisbär,28.11.2020,Tobias,"48,67",0:48,https://archive.org/download/dpu-intro-archiv/UFO235_Intro%20von%20Tobias.mp3
,UFO236 OJ,05.12.2020,Finn,"41,04",0:41,https://archive.org/download/dpu-intro-archiv/UFO236_Intro%20von%20Finn.mp3
,UFO237 Kugelfisch,12.12.2020,Philipp,"29,88",0:29,https://archive.org/download/dpu-intro-archiv/UFO237_Intro%20von%20Philipp.mp3
,UFO238 89,19.12.2020,Max,"13,4",0:13,https://archive.org/download/dpu-intro-archiv/UFO238_Intro%20von%20Max.mp3
,UFO239 Motannenbau,24.12.2020,Simon,"33,38",0:33,https://archive.org/download/dpu-intro-archiv/UFO239_Intro%20von%20Simon.mp3
,UFO240 IQ,16.01.2021,Patrick,"25,86",0:25,https://archive.org/download/dpu-intro-archiv/UFO240_Intro%20von%20Patrick.mp3
,UFO241 Hoëcker,12.12.2020,DrownedFish,"46,65",0:46,https://archive.org/download/dpu-intro-archiv/UFO241_Intro%20von%20DrownedFish.mp3
,UFO242 Glas,30.01.2021,Simon,"23,41",0:23,https://archive.org/download/dpu-intro-archiv/UFO242_Intro%20von%20Simon.mp3
,UFO243 Graffitti,06.02.2021,Stu Pit,"30,64",0:30,https://archive.org/download/dpu-intro-archiv/UFO243_Intro%20von%20Stu%20Pit.mp3
,UFO244 Begabt,12.02.2021,El Max,"40,23",0:40,https://archive.org/download/dpu-intro-archiv/UFO244_Intro%20von%20El%20Max.mp3
,UFO245 All Ball,20.02.2021,Strobo-Robo,"25,39",0:25,https://archive.org/download/dpu-intro-archiv/UFO245_Intro%20von%20Strobo-Robo.mp3
,UFO246 Fresko,27.02.2021,Christoph,"25,52",0:25,https://archive.org/download/dpu-intro-archiv/UFO246_Intro%20von%20Christoph.mp3
,UFO247 Prim,06.03.2021,Johannes,"29,02",0:29,https://archive.org/download/dpu-intro-archiv/UFO247_Intro%20von%20Johannes.mp3
,UFO248 Zisterne,13.03.2021,Silas,"22,47",0:22,https://archive.org/download/dpu-intro-archiv/UFO248_Intro%20von%20Silas.mp3
,UFO249 Utz utz utz,20.03.2021,Martin,"105,43",1:45,https://archive.org/download/dpu-intro-archiv/UFO249_Intro%20von%20Martin.mp3
,UFO250 Moloch,27.03.2021,Johannes,"29,88",0:29,https://archive.org/download/dpu-intro-archiv/UFO250_Intro%20von%20Johannes.mp3
,UFO251 Kataströphchen,03.04.2021,Luca,"17,53",0:17,https://archive.org/download/dpu-intro-archiv/UFO251_Intro%20von%20Luca.mp3
,UFO252 Herakles,10.04.2021,Phil,"22,21",0:22,https://archive.org/download/dpu-intro-archiv/UFO252_Intro%20von%20Phil.mp3
,UFO253 Blubber,17.04.2021,Martin,"53,57",0:53,https://archive.org/download/dpu-intro-archiv/UFO253_Intro%20von%20Martin.mp3
,UFO254 Trödel,24.04.2021,Leon,"52,43",0:52,https://archive.org/download/dpu-intro-archiv/UFO254_Intro%20von%20Leon.mp3
,UFO255 Anubis,01.05.2021,Jan,"60,3",1:00,https://archive.org/download/dpu-intro-archiv/UFO255_Intro%20von%20Jan.mp3
,UFO256 Lama,08.05.2021,Mike,"12,62",0:12,https://archive.org/download/dpu-intro-archiv/UFO256_Intro%20von%20Mike.mp3
,UFO257 Murmel,15.05.2021,CocoQietzan,"32,31",0:32,https://archive.org/download/dpu-intro-archiv/UFO257_Intro%20von%20CocoQietzan.mp3
,UFO258 Flederer,22.05.2021,T-Dogg feat. Yo_Fifty,"43,73",0:43,https://archive.org/download/dpu-intro-archiv/UFO258_Intro%20von%20T-Dogg%20feat.%20Yo_Fifty.mp3
,UFO259 Schatz,29.05.2021,Flo und Druckluft,"67,47",1:07,https://archive.org/download/dpu-intro-archiv/UFO259_Intro%20von%20Flo%20und%20Druckluft.mp3
,UFO260 Gelée Royale,05.06.2021,Max,"32,89",0:32,https://archive.org/download/dpu-intro-archiv/UFO260_Intro%20von%20Max.mp3
,UFO261 Philister,12.06.2021,Max,"23,15",0:23,https://archive.org/download/dpu-intro-archiv/UFO261_Intro%20von%20Max.mp3
,UFO262 Eglon,19.06.2021,Dennis,"46,01",0:46,https://archive.org/download/dpu-intro-archiv/UFO262_Intro%20von%20Dennis.mp3
,UFO263 Zufall,26.06.2021,Nick,"54,96",0:54,https://archive.org/download/dpu-intro-archiv/UFO263_Intro%20von%20Nick.mp3
,UFO264 Heimlich,03.07.2021,Leonard,"19,2",0:19,https://archive.org/download/dpu-intro-archiv/UFO264_Intro%20von%20Leonard.mp3
,UFO265 Bordüre,10.07.2021,Lennie,"24,32",0:24,https://archive.org/download/dpu-intro-archiv/UFO265_Intro%20von%20Lennie.mp3
,UFO266 Hinter dem Mikrofon,17.07.2021,Albrecht,54,0:53,https://archive.org/download/dpu-intro-archiv/UFO266_Intro%20von%20Albrecht.mp3
,UFO267 Motte,24.07.2021,Brad & Pit,"32,24",0:32,https://archive.org/download/dpu-intro-archiv/UFO267_Intro%20von%20Brad%20%26%20Pit.mp3
,UFO268 Sauna Teil 1,31.07.2021,Marcel,"24,7",0:24,https://archive.org/download/dpu-intro-archiv/UFO268_Intro%20von%20Marcel.mp3
,UFO270 Sivuplari,14.08.2021,Peer,"27,54",0:27,https://archive.org/download/dpu-intro-archiv/UFO270_Intro%20von%20Peer.mp3
,UFO271 Pipps,21.08.2021,Daniel,"58,98",0:58,https://archive.org/download/dpu-intro-archiv/UFO271_Intro%20von%20Daniel.mp3
,UFO272 A nach B,28.08.2021,Zenax Productions,"70,71",1:10,https://archive.org/download/dpu-intro-archiv/UFO272_Intro%20von%20Zenax%20Productions.mp3
,UFO273 Padel,04.09.2021,Nico,"54,91",0:54,https://archive.org/download/dpu-intro-archiv/UFO273_Intro%20von%20Nico.mp3
,UFO274 Sailor Vie,11.09.2021,Felix,"46,48",0:46,https://archive.org/download/dpu-intro-archiv/UFO274_Intro%20von%20Felix.mp3
,UFO275 Teatze,18.09.2021,Randy,"16,59",0:16,https://archive.org/download/dpu-intro-archiv/UFO275_Intro%20von%20Randy.mp3
,UFO276 Giacomo,25.09.2021,Niklas,"46,87",0:46,https://archive.org/download/dpu-intro-archiv/UFO276_Intro%20von%20Niklas.mp3
,UFO277 A Large Man in Little Rock,02.10.2021,Marius,"35,16",0:35,https://archive.org/download/dpu-intro-archiv/UFO277_Intro%20von%20Marius.mp3
,UFO278 Böller,09.10.2021,Mike,"29,99",0:29,https://archive.org/download/dpu-intro-archiv/UFO278_Intro%20von%20Mike.mp3
,UFO279 Kräut und Rüben,16.10.2021,Dennis,"28,81",0:28,https://archive.org/download/dpu-intro-archiv/UFO279_Intro%20von%20Dennis.mp3
,UFO280 Kerni,23.10.2021,Mike,"17,53",0:17,https://archive.org/download/dpu-intro-archiv/UFO280_Intro%20von%20Mike.mp3
,UFO281 Gurkenlord,30.10.2021,Samuel,"28,66",0:28,https://archive.org/download/dpu-intro-archiv/UFO281_Intro%20von%20Samuel.mp3
,UFO282 Aroma,06.11.2021,Benjo,"29,91",0:29,https://archive.org/download/dpu-intro-archiv/UFO282_Intro%20von%20Benjo.mp3
,UFO283 Rüssel,13.11.2021,Kasi,31,0:30,https://archive.org/download/dpu-intro-archiv/UFO283_Intro%20von%20Kasi.mp3
,UFO284 Mikronesien,20.11.2021,Lars,"22,5",0:22,https://archive.org/download/dpu-intro-archiv/UFO284_Intro%20von%20Lars.mp3
,UFO285 Rufa,27.11.2021,Anton,"38,97",0:38,https://archive.org/download/dpu-intro-archiv/UFO285_Intro%20von%20Anton.mp3
,UFO286 Dioptrien,04.12.2021,Felix,"22,14",0:22,https://archive.org/download/dpu-intro-archiv/UFO286_Intro%20von%20Felix.mp3
,UFO287 3D,11.12.2021,Richard,31,0:30,https://archive.org/download/dpu-intro-archiv/UFO287_Intro%20von%20Richard.mp3
,UFO288 Molcar,18.12.2021,Mike,"27,82",0:27,https://archive.org/download/dpu-intro-archiv/UFO288_Intro%20von%20Mike.mp3
,UFO289 Rollo,25.12.2021,Felix,"32,73",0:32,https://archive.org/download/dpu-intro-archiv/UFO289_Intro%20von%20Felix.mp3
,UFO290 Knuckeln,01.01.2022,DHXP,"43,7",0:43,https://archive.org/download/dpu-intro-archiv/UFO290_Intro%20von%20DHXP.mp3
,UFO291 Blau,08.01.2022,Marian,"28,04",0:28,https://archive.org/download/dpu-intro-archiv/UFO291_Intro%20von%20Marian.mp3
,UFO292 Der Blühende,15.01.2022,Max,"27,72",0:27,https://archive.org/download/dpu-intro-archiv/UFO292_Intro%20von%20Max.mp3
,UFO293 Rot,22.01.2022,Nico,"31,93",0:31,https://archive.org/download/dpu-intro-archiv/UFO293_Intro%20von%20Nico.mp3
,UFO294 Basteln,29.01.2022,Tobias,"29,05",0:29,https://archive.org/download/dpu-intro-archiv/UFO294_Intro%20von%20Tobias.mp3
,UFO295 Heiße Luft,05.02.2022,Michel,"49,66",0:49,https://archive.org/download/dpu-intro-archiv/UFO295_Intro%20von%20Michel.mp3
,UFO296 Nordsüd,12.02.2022,Kathmo,"55,87",0:55,https://archive.org/download/dpu-intro-archiv/UFO296_Intro%20von%20Kathmo.mp3
,UFO297 Blutleer,19.02.2022,Leonie,"29,41",0:29,https://archive.org/download/dpu-intro-archiv/UFO297_Intro%20von%20Leonie.mp3
,UFO298 Ader,26.02.2022,Hannes,"20,52",0:20,https://archive.org/download/dpu-intro-archiv/UFO298_Intro%20von%20Hannes.mp3
,UFO299 Rutsche,05.03.2022,Frederico Pizzolini,"23,85",0:23,https://archive.org/download/dpu-intro-archiv/UFO299_Intro%20von%20Frederico%20Pizzolini.mp3
,UFO300 Moll,12.03.2022,Florian mit Druckluft,"26,1",0:26,https://archive.org/download/dpu-intro-archiv/UFO300_Intro%20von%20Florian%20mit%20Druckluft.mp3
,"UFO301 2,40€",19.03.2022,Marius,"27,45",0:27,https://archive.org/download/dpu-intro-archiv/UFO301_Intro%20von%20Marius.mp3
,UFO302 Howdy,26.03.2022,Julia & Johannes,"19,73",0:19,https://archive.org/download/dpu-intro-archiv/UFO302_Intro%20von%20Julia%20%26%20Johannes.mp3
,UFO303 Widmung,02.04.2022,Dabsi,"45,76",0:45,https://archive.org/download/dpu-intro-archiv/UFO303_Intro%20von%20Dabsi.mp3
,UFO305 Slush,16.04.2022,Christian,"27,25",0:27,https://archive.org/download/dpu-intro-archiv/UFO305_Intro%20von%20Christian.mp3
,UFO306 Hänää,23.04.2022,Mo_Jopo,"25,45",0:25,https://archive.org/download/dpu-intro-archiv/UFO306_Intro%20von%20Mo_Jopo.mp3
,UFO308 Wind,07.05.2022,Roman,"29,63",0:29,https://archive.org/download/dpu-intro-archiv/UFO308_Intro%20von%20Roman.mp3
,UFO309 Edamame,14.05.2022,Manuel,"40,05",0:40,https://archive.org/download/dpu-intro-archiv/UFO309_Intro%20von%20Manuel.mp3
,UFO311 Zebra,28.05.2022,Tim,"61,41",1:01,https://archive.org/download/dpu-intro-archiv/UFO311_Intro%20von%20Tim.mp3
,UFO313 Banane,11.06.2022,Mike,"38,4",0:38,https://archive.org/download/dpu-intro-archiv/UFO313_Intro%20von%20Mike.mp3
,UFO314 Maura,18.06.2022,ise,"32,68",0:32,https://archive.org/download/dpu-intro-archiv/UFO314_Intro%20von%20ise.mp3
,UFO316 Honig,02.07.2022,Philipp,"15,48",0:15,https://archive.org/download/dpu-intro-archiv/UFO316_Intro%20von%20Philipp.mp3
,UFO317 Erdbeben,09.07.2022,Tim,"25,91",0:25,https://archive.org/download/dpu-intro-archiv/UFO317_Intro%20von%20Tim.mp3
,UFO318 Bingo,16.07.2022,Ildikó,"27,32",0:27,https://archive.org/download/dpu-intro-archiv/UFO318_Intro%20von%20Ildik%C3%B3.mp3
,UFO320 Bewusstseinslage,30.07.2022,Damian,"71,58",1:11,https://archive.org/download/dpu-intro-archiv/UFO320_Intro%20von%20Damian.mp3
,UFO321 Perú,20.08.2022,Björn13,"28,08",0:28,https://archive.org/download/dpu-intro-archiv/UFO321_Intro%20von%20Bj%C3%B6rn13.mp3
,UFO322 Taylor,27.08.2022,Philipp,"42,06",0:42,https://archive.org/download/dpu-intro-archiv/UFO322_Intro%20von%20Philipp.mp3
,UFO324 Introvertiert,10.09.2022,Max,"24,61",0:24,https://archive.org/download/dpu-intro-archiv/UFO324_Intro%20von%20Max.mp3
,UFO325 Nolens Volens,17.09.2022,10TonObsidian,"61,52",1:01,https://archive.org/download/dpu-intro-archiv/UFO325_Intro%20von%2010TonObsidian.mp3
,UFO326 Rennbahn,24.09.2022,Tobias,"45,3",0:45,https://archive.org/download/dpu-intro-archiv/UFO326_Intro%20von%20Tobias.mp3
,UFO328 Blende,08.10.2022,Sebastian,"38,53",0:38,https://archive.org/download/dpu-intro-archiv/UFO328_Intro%20von%20Sebastian.mp3
,UFO330 Gummi,22.10.2022,Josef,"29,96",0:29,https://archive.org/download/dpu-intro-archiv/UFO330_Intro%20von%20Josef.mp3
,UFO331 Los,29.10.2022,Marlon,"32,89",0:32,https://archive.org/download/dpu-intro-archiv/UFO331_Intro%20von%20Marlon.mp3
,UFO332 Kein Mitleid,08.11.2022,Carolin,"30,33",0:30,https://archive.org/download/dpu-intro-archiv/UFO332_Intro%20von%20Carolin.mp3
,UFO333 Truthuhn,12.11.2022,Adrian,"33,1",0:33,https://archive.org/download/dpu-intro-archiv/UFO333_Intro%20von%20Adrian.mp3
,UFO334 Hydra,19.11.2022,Leo,"10,24",0:10,https://archive.org/download/dpu-intro-archiv/UFO334_Intro%20von%20Leo.mp3
,UFO335 Yabadabadoo,26.11.2022,Valentin,"22,23",0:22,https://archive.org/download/dpu-intro-archiv/UFO335_Intro%20von%20Valentin.mp3
,UFO336 Goldbarren,03.12.2022,Linus,"18,81",0:18,https://archive.org/download/dpu-intro-archiv/UFO336_Intro%20von%20Linus%20%28%2B%20ein%20Lied%20von%20Anna%29.mp3
,UFO337 Poolnudel,10.12.2022,Sanja,"9,77",0:09,https://archive.org/download/dpu-intro-archiv/UFO337_Intro%20von%20Sanja%20%28%2B%20ein%20Lied%20von%20Damian%29.mp3
,UFO338 Lachflasche,17.12.2022,Donald Al Fagen,"25,78",0:25,https://archive.org/download/dpu-intro-archiv/UFO338_Intro%20von%20Donald%20Al%20Fagen.mp3
,UFO339 Schenkung,24.12.2022,Rosa und Patrick,"12,7",0:12,https://archive.org/download/dpu-intro-archiv/UFO339_Intro%20von%20Rosa%20und%20Patrick.mp3
,UFO340 Schweigen,07.01.2023,Danny,"22,78",0:22,https://archive.org/download/dpu-intro-archiv/UFO340_Intro%20von%20Danny.mp3
,UFO341 666,14.01.2023,Cyrill & Till,"21,39",0:21,https://archive.org/download/dpu-intro-archiv/UFO341_Intro%20von%20Cyrill%20%26%20Till.mp3
,UFO342 Die Schatzinsel,21.01.2023,Jim,"6,11",0:06,https://archive.org/download/dpu-intro-archiv/UFO342_Intro%20von%20Jim.mp3
,UFO343 Knopf,28.01.2023,Corinna,"11,89",0:11,https://archive.org/download/dpu-intro-archiv/UFO343_Intro%20von%20Corinna.mp3
,UFO344 Villa,04.02.2023,Maximilian,"40,2",0:40,https://archive.org/download/dpu-intro-archiv/UFO344_Intro%20von%20Maximilian.mp3
,UFO345 Schlauch,11.02.2023,Simon,"36,49",0:36,https://archive.org/download/dpu-intro-archiv/UFO345_Intro%20von%20Simon.mp3
,UFO346 Prenzie,18.02.2023,Jonas,"17,82",0:17,https://archive.org/download/dpu-intro-archiv/UFO346_Intro%20von%20Jonas.mp3
,UFO347 Viertelmeile,25.02.2023,"Tom, Sabine, Gregor, Bianca, Lisa, Christian, Max und Peter","41,59",0:41,https://archive.org/download/dpu-intro-archiv/UFO347_Intro%20von%20Tom%2C%20Sabine%2C%20Gregor%2C%20Bianca%2C%20Lisa%2C%20Christian%2C%20Max%20und%20Peter.mp3
,UFO348 Göffel,04.03.2023,Lenny,"14,34",0:14,https://archive.org/download/dpu-intro-archiv/UFO348_Intro%20von%20Lenny.mp3
,UFO349 Körperöffnung,11.03.2023,Tobias,"28,63",0:28,https://archive.org/download/dpu-intro-archiv/UFO349_Intro%20von%20Tobias.mp3
,UFO350 Buzz,18.03.2023,Richard,"25,89",0:25,https://archive.org/download/dpu-intro-archiv/UFO350_Intro%20von%20Richard.mp3
,UFO351 Reifemeister,25.03.2023,Kai aka Kispa,"26,2",0:26,https://archive.org/download/dpu-intro-archiv/UFO351_Intro%20von%20Kai%20aka%20Kispa.mp3
,UFO352 Impuls,01.04.2023,Stefan,"13,19",0:13,https://archive.org/download/dpu-intro-archiv/UFO352_Intro%20von%20Stefan.mp3
,UFO353 Lippen,08.04.2023,Lennart,"23,82",0:23,https://archive.org/download/dpu-intro-archiv/UFO353_Intro%20von%20Lennart.mp3
,UFO354 Geraeusch,15.04.2023,Marwin,"29,57",0:29,https://archive.org/download/dpu-intro-archiv/UFO354_Intro%20von%20Marwin.mp3
,UFO355 Ompel,22.04.2023,Patrick,"34,51",0:34,https://archive.org/download/dpu-intro-archiv/UFO355_Intro%20von%20Patrick.mp3
,UFO356 Weiter,29.04.2023,Kristina,"38,61",0:38,https://archive.org/download/dpu-intro-archiv/UFO356_Intro%20von%20Kristina.mp3
,UFO357 Täuber,06.05.2023,Kolja & Jair,29,0:28,https://archive.org/download/dpu-intro-archiv/UFO357_Intro%20von%20Kolja%20%26%20Jair.mp3
,UFO358 Ecke,13.05.2023,Max,"56,03",0:56,https://archive.org/download/dpu-intro-archiv/UFO358_Intro%20von%20Max.mp3
,UFO359 Orakel,10.05.2023,Paul,"24,11",0:24,https://archive.org/download/dpu-intro-archiv/UFO359_Intro%20von%20Paul.mp3
,UFO360 Hawaii,27.05.2023,Alex & Flo,"34,17",0:34,https://archive.org/download/dpu-intro-archiv/UFO360_Intro%20von%20Alex%20%26%20Flo.mp3
,UFO361 Putsch,03.06.2023,Nico,"38,61",0:38,https://archive.org/download/dpu-intro-archiv/UFO361_Intro%20von%20Nico.mp3
,UFO362 Haus und Hos',10.06.2023,Leon,"20,56",0:20,https://archive.org/download/dpu-intro-archiv/UFO362_Intro%20von%20Leon.mp3
,UFO363 Druck,17.06.2023,Leon,"22,94",0:22,https://archive.org/download/dpu-intro-archiv/UFO363_Intro%20von%20Leon.mp3
,UFO364 Julo,24.06.2023,Deadmold,"38,58",0:38,https://archive.org/download/dpu-intro-archiv/UFO364_Intro%20von%20Deadmold.mp3
,UFO365 Gulden,01.07.2023,Tim,"24,12",0:24,https://archive.org/download/dpu-intro-archiv/UFO365_Intro%20von%20Tim.mp3
,UFO366 Rose,08.07.2023,Mattis,"26,7",0:26,https://archive.org/download/dpu-intro-archiv/UFO366_Intro%20von%20Mattis.mp3
,UFO367 Uhu,15.07.2023,Nils,"19,93",0:19,https://archive.org/download/dpu-intro-archiv/UFO367_Intro%20von%20Nils.mp3
,UFO368 Donnerstein,22.07.2023,Linus,"35,5",0:35,https://archive.org/download/dpu-intro-archiv/UFO368_Intro%20von%20Linus.mp3
,UFO369 Daumen hoch!,29.07.2023,Ferris,"9,17",0:09,https://archive.org/download/dpu-intro-archiv/UFO369_Intro%20von%20Ferris.mp3
,UFO370 Kirsche,05.08.2023,Flo von Druckluft,"31,63",0:31,https://archive.org/download/dpu-intro-archiv/UFO370_Intro%20von%20Flo%20von%20Druckluft.mp3
,UFO371 Luftkuchen,12.08.2023,Victoria & Leo,"32,24",0:32,https://archive.org/download/dpu-intro-archiv/UFO371_Intro%20von%20Victoria%20%26%20Leo.mp3
,UFO372 Clarice,19.08.2023,Michel,"31,5",0:31,https://archive.org/download/dpu-intro-archiv/UFO372_Intro%20von%20Michel.mp3
,UFO373 Zwitschedurie,26.08.2023,Lilli,"31,35",0:31,https://archive.org/download/dpu-intro-archiv/UFO373_Intro%20von%20Lilli.mp3
,UFO374 Marienkäferchen,02.09.2023,Lars,"23,41",0:23,https://archive.org/download/dpu-intro-archiv/UFO374_Intro%20von%20Lars.mp3
,UFO375 Eliens,09.09.2023,Thomas,"20,87",0:20,https://archive.org/download/dpu-intro-archiv/UFO375_Intro%20von%20Thomas.mp3
,UFO376 Knirps,16.09.2023,Alex,"25,99",0:25,https://archive.org/download/dpu-intro-archiv/UFO376_Intro%20von%20Alex.mp3
,UFO377 Papi,23.09.2023,Steffen,"33,57",0:33,https://archive.org/download/dpu-intro-archiv/UFO377_Intro%20von%20Steffen.mp3
,UFO378 Warum mögen wir was uns unglücklich macht?,30.09.2023,Esther & Justus,"22,67",0:22,https://archive.org/download/dpu-intro-archiv/UFO378_Intro%20von%20Esther%20%26%20Justus.mp3
,UFO379 Können wir nochmal über die Rhönradsituation sprechen?,07.10.2023,Max,"14,34",0:14,https://archive.org/download/dpu-intro-archiv/UFO379_Intro%20von%20Max.mp3
,UFO380 Hutreiz,14.10.2023,Thomas,"17,11",0:17,https://archive.org/download/dpu-intro-archiv/UFO380_Intro%20von%20Thomas.mp3
,UFO381 Kamadu,21.10.2023,Toni,"38,03",0:38,https://archive.org/download/dpu-intro-archiv/UFO381_Intro%20von%20Toni.mp3
,UFO382 Feucht,27.10.2023,Andreas,"41,56",0:41,https://archive.org/download/dpu-intro-archiv/UFO382_Intro%20von%20Andreas.mp3
,UFO383 Unterjährig,11.11.2023,"Lucia, Hannes, Lee und Moritz","35,89",0:35,https://archive.org/download/dpu-intro-archiv/UFO383_Intro%20von%20Lucia%2C%20Hannes%2C%20Lee%20und%20Moritz.mp3
,UFO384 Wirbellos,11.11.2023,"Johannes, Philine","23,46",0:23,https://archive.org/download/dpu-intro-archiv/UFO384_Intro%20von%20Johannes%2C%20Philine.mp3
,UFO385 Hürde,18.11.2023,Käthe,"29,13",0:29,https://archive.org/download/dpu-intro-archiv/UFO385_Intro%20von%20K%C3%A4the.mp3
,UFO386 Taube,25.11.2023,Jonas,"37,04",0:37,https://archive.org/download/dpu-intro-archiv/UFO386_Intro%20von%20Jonas.mp3
,UFO387 Sekret,02.12.2023,Max,"21,03",0:21,https://archive.org/download/dpu-intro-archiv/UFO387_Intro%20von%20Max.mp3
,UFO388 Baum,09.12.2023,Max,"20,38",0:20,https://archive.org/download/dpu-intro-archiv/UFO388_Intro%20von%20Max.mp3
,UFO389 Alphabet 3,16.12.2023,Julian,"20,46",0:20,https://archive.org/download/dpu-intro-archiv/UFO389_Intro%20von%20Julian.mp3
,UFO390 Schlieg,23.12.2023,Julian,"12,49",0:12,https://archive.org/download/dpu-intro-archiv/UFO390_Intro%20von%20Julian.mp3
,UFO391 Durst,30.12.2023,David,"37,83",0:37,https://archive.org/download/dpu-intro-archiv/UFO391_Intro%20von%20David.mp3
,UFO392 Pika,06.01.2024,Stefan,"12,38",0:12,https://archive.org/download/dpu-intro-archiv/UFO392_Intro%20von%20Stefan.mp3
,UFO393 Koeffizient,13.01.2024,Danowitch,"24,24",0:24,https://archive.org/download/dpu-intro-archiv/UFO393_Intro%20von%20Danowitch.mp3
,UFO394 Bierkorken,20.01.2024,Paula & Jo,"26,23",0:26,https://archive.org/download/dpu-intro-archiv/UFO394_Intro%20von%20Paula%20%26%20Jo.mp3
,UFO395 Schmerz,27.01.2024,Samuel,"31,66",0:31,https://archive.org/download/dpu-intro-archiv/UFO395_Intro%20von%20Samuel.mp3
,UFO396 Robo,03.02.2024,Luca & André,"22,41",0:22,https://archive.org/download/dpu-intro-archiv/UFO396_Intro%20von%20Luca%20%26%20Andr%C3%A9.mp3
,UFO397 Bologna,10.02.2024,Robin,"24,89",0:24,https://archive.org/download/dpu-intro-archiv/UFO397_Intro%20von%20Robin.mp3
,UFO398 Konsortium,17.02.2024,Annika,"18,44",0:18,https://archive.org/download/dpu-intro-archiv/UFO398_Intro%20von%20Annika.mp3
,UFO399 Suez,24.02.2024,Niklas,"23,46",0:23,https://archive.org/download/dpu-intro-archiv/UFO399_Intro%20von%20Niklas.mp3
,UFO400 Ubus Priates,02.03.2024,Moflitz,"62,56",1:02,https://archive.org/download/dpu-intro-archiv/UFO400_Intro%20von%20Moflitz.mp3
,UFO401 Abblasen,09.03.2024,Susi,"21,92",0:21,https://archive.org/download/dpu-intro-archiv/UFO401_Intro%20von%20Susi.mp3
,UFO402 World Disney,16.03.2024,Orkan und Malte,"21,66",0:21,https://archive.org/download/dpu-intro-archiv/UFO402_Intro%20von%20Orkan%20und%20Malte.mp3
,UFO403 Lichtung,23.03.2024,Felix,"27,72",0:27,https://archive.org/download/dpu-intro-archiv/UFO403_Intro%20von%20Felix.mp3
,UFO404 Montaña y Flora,30.03.2024,Leon,"15,07",0:15,https://archive.org/download/dpu-intro-archiv/UFO404_Intro%20von%20Leon.mp3
,UFO405 Das Innere Auge,06.04.2024,Michael,"27,25",0:27,https://archive.org/download/dpu-intro-archiv/UFO405_Intro%20von%20Michael.mp3
,UFO406 Hammse,13.04.2024,Janis,"19,91",0:19,https://archive.org/download/dpu-intro-archiv/UFO406_Intro%20von%20Janis.mp3
,UFO407 Walsturz,20.04.2024,Jakob,"14,76",0:14,https://archive.org/download/dpu-intro-archiv/UFO407_Intro%20von%20Jakob.mp3
,UFO408 Die Trivialität des Besonderen,04.05.2024,Damian,"20,3",0:20,https://archive.org/download/dpu-intro-archiv/UFO408_Intro%20von%20Damian.mp3
,UFO409 Pumped Kirby,04.05.2024,Svenja,"28,34",0:28,https://archive.org/download/dpu-intro-archiv/UFO409_Intro%20von%20Svenja.mp3
,UFO410 Halt Stop,11.05.2024,Luca,"29,81",0:29,https://archive.org/download/dpu-intro-archiv/UFO410_Intro%20von%20Luca.mp3
,UFO411 Mehrseitiges Dokument,18.05.2024,Tobi,"17,71",0:17,https://archive.org/download/dpu-intro-archiv/UFO411_Intro%20von%20Tobi.mp3
,UFO412 Schatten in Rom,25.05.2024,Josefin,"23,33",0:23,https://archive.org/download/dpu-intro-archiv/UFO412_Intro%20von%20Josefin.mp3
,UFO413 Glocken in Dublin,01.06.2024,BULSADER,"37,83",0:37,https://archive.org/download/dpu-intro-archiv/UFO413_Intro%20von%20BULSADER.mp3
,UFO414 Nixhts ist besser als was,08.06.2024,SIR SONNTAG,"42,76",0:42,https://archive.org/download/dpu-intro-archiv/UFO414_Intro%20von%20SIR%20SONNTAG.mp3
,UFO415 Gorgo,15.06.2024,Patrick,"3,11",0:03,https://archive.org/download/dpu-intro-archiv/UFO415_Intro%20von%20Patrick.mp3
,UFO416 Döner,22.06.2024,Leon,"23,35",0:23,https://archive.org/download/dpu-intro-archiv/UFO416_Intro%20von%20Leon%20%28nuderanch%29.mp3
,UFO417 Tüte,28.06.2024,Jakob,"34,06",0:34,https://archive.org/download/dpu-intro-archiv/UFO417_Intro%20von%20Jakob.mp3
,UFO418 Lederhuttragender Nekromant,06.06.2024,Kyrill,"19,2",0:19,https://archive.org/download/dpu-intro-archiv/UFO418_Intro%20von%20Kyrill.mp3
,UFO419 Komfort,13.06.2024,Antonia,"20,38",0:20,https://archive.org/download/dpu-intro-archiv/UFO419_Intro%20von%20Antonia.mp3
,UFO420 Alle?,20.07.2024,Alex,"23,09",0:23,https://archive.org/download/dpu-intro-archiv/UFO420_Intro%20von%20Alex.mp3
,UFO421 Kapitalissimus,27.07.2024,Matthias,"21,37",0:21,https://archive.org/download/dpu-intro-archiv/UFO421_Intro%20von%20Matthias.mp3
,UFO422 Esel,03.08.2024,"Tobias, Max und Svenja","30,77",0:30,https://archive.org/download/dpu-intro-archiv/UFO422_Intro%20von%20Tobias%2C%20Max%20und%20Svenja.mp3
,UFO423 Rentier,10.08.2024,Samuel,"13,11",0:13,https://archive.org/download/dpu-intro-archiv/UFO423_Intro%20von%20Samuel.mp3
,UFO424 Zwei Weltmeisterbrötchen,17.08.2024,Misty,"30,96",0:30,https://archive.org/download/dpu-intro-archiv/UFO424_Intro%20von%20Misty.mp3
,UFO425 Die Stimme des Intellekts ist leise,24.08.2024,Jan und Natalie,"18,29",0:18,https://archive.org/download/dpu-intro-archiv/UFO425_Intro%20von%20Jan%20und%20Natalie.mp3
,UFO426 Gong,31.08.2024,Emil,"25,68",0:25,https://archive.org/download/dpu-intro-archiv/UFO426_Intro%20von%20Emil.mp3
,UFO427 Bitte Dick,07.09.2024,TJ und Jojo,"32,76",0:32,https://archive.org/download/dpu-intro-archiv/UFO427_Intro%20von%20TJ%20und%20Jojo.mp3
,UFO428 Antiwunder,14.09.2024,Adrian,"34,56",0:34,https://archive.org/download/dpu-intro-archiv/UFO428_Intro%20von%20Adrian.mp3
,UFO429 Noreply,21.09.2024,Jonas,"22,15",0:22,https://archive.org/download/dpu-intro-archiv/UFO429_Intro%20von%20Jonas.mp3
,UFO430 Aber es steht,28.09.2024,Max,"14,13",0:14,https://archive.org/download/dpu-intro-archiv/UFO430_Intro%20von%20Max.mp3
,UFO431 Gruseltober,05.10.2024,Daniel,"21,11",0:21,https://archive.org/download/dpu-intro-archiv/UFO431_Intro%20von%20Daniel.mp3
,UFO432 Erraeff,12.10.2024,Ferdinand,"31,35",0:31,https://archive.org/download/dpu-intro-archiv/UFO432_Intro%20von%20Ferdinand.mp3
,UFO433 Bernstein,19.10.2024,Jorge und Farmer,"48,12",0:48,https://archive.org/download/dpu-intro-archiv/UFO433_Intro%20von%20Jorge%20und%20Farmer.mp3
,UFO434 Aalhaken,26.10.2024,Daniel,"14,73",0:14,https://archive.org/download/dpu-intro-archiv/UFO434_Intro%20von%20Daniel.mp3
,UFO435 Der Code,02.11.2024,Malte,"31,14",0:31,https://archive.org/download/dpu-intro-archiv/UFO435_Intro%20von%20Malte.mp3
,UFO436 Großelb,09.11.2024,Ophelia,"22,86",0:22,https://archive.org/download/dpu-intro-archiv/UFO436_Intro%20von%20Ophelia.mp3
,UFO437 Nogger,16.11.2024,Caro und Toni,"24,16",0:24,https://archive.org/download/dpu-intro-archiv/UFO437_Intro%20von%20Caro%20und%20Toni.mp3
,UFO438 Minus 16 LUFS,23.11.2024,"Tobias, Max, hand und Svenja","51,72",0:51,https://archive.org/download/dpu-intro-archiv/UFO438_Intro%20von%20Tobias%2C%20Max%2C%20hand%20und%20Svenja.mp3
,UFO439 Brass,30.11.2024,Simon,"15,8",0:15,https://archive.org/download/dpu-intro-archiv/UFO439_Intro%20von%20Simon.mp3
,UFO440 Ramses,07.12.2024,Benedict,"12,59",0:12,https://archive.org/download/dpu-intro-archiv/UFO440_Intro%20von%20Benedict.mp3
,UFO441 Bubbler,14.12.2024,Ransen,"2,82",0:02,https://archive.org/download/dpu-intro-archiv/UFO441_Intro%20von%20Ransen.mp3
,UFO442 Geldeimer,21.12.2024,Steffen,"31,5",0:31,https://archive.org/download/dpu-intro-archiv/UFO442_Intro%20von%20Steffen.mp3
,UFO443 Du-Botschaft,28.12.2024,Thomas,"24,35",0:24,https://archive.org/download/dpu-intro-archiv/UFO443_Intro%20von%20Thomas.mp3
,UFO444 Die Prinzen,04.01.2024,Clark,"63,32",1:03,https://archive.org/download/dpu-intro-archiv/UFO444_Intro%20von%20Clark.mp3
,UFO445 Luna Lunaris,11.01.2024,Susi,"36,31",0:36,https://archive.org/download/dpu-intro-archiv/UFO445_Intro%20von%20Susi.mp3
,UFO446 Examiner,18.01.2024,Johannes und Philine,"23,14",0:23,https://archive.org/download/dpu-intro-archiv/UFO446_Intro%20von%20Johannes%20und%20Philine.mp3
,UFO447 Idyll,25.01.2024,Philipp,"18,73",0:18,https://archive.org/download/dpu-intro-archiv/UFO447_Intro%20von%20Philipp.mp3
,UFO448 Wenn schon dann richtig,01.02.2024,Moritz,"9,98",0:09,https://archive.org/download/dpu-intro-archiv/UFO448_Intro%20von%20Moritz.mp3
,UFO449 Satellite,08.02.2025,Sebastian,"36,83",0:36,https://archive.org/download/dpu-intro-archiv/UFO449_Intro%20von%20Sebastian.mp3
,UFO450 Cookie,15.02.2025,Jakob,"20,66",0:20,https://archive.org/download/dpu-intro-archiv/UFO450_Intro%20von%20Jakob.mp3
,UFO451 Krank,22.02.2025,Jan,"13,11",0:13,https://archive.org/download/dpu-intro-archiv/UFO451_Intro%20von%20Jan.mp3
,UFO452 Krank 2,01.03.2025,Christopher,"29,2",0:29,https://archive.org/download/dpu-intro-archiv/UFO452_Intro%20von%20Christopher.mp3
,UFO453 Alraune,08.03.2025,Kevin,"33,62",0:33,https://archive.org/download/dpu-intro-archiv/UFO453_Intro%20von%20Kevin.mp3
,UFO454 Kakaobohne im Schmetterlingshaus,15.03.2025,Chris,"18,05",0:18,https://archive.org/download/dpu-intro-archiv/UFO454_Intro%20von%20Chris.mp3
,UFO455 Soft Summer,22.03.2025,Moritz,"14,94",0:14,https://archive.org/download/dpu-intro-archiv/UFO455_Intro%20von%20Moritz.mp3
,UFO456 Vollgas,29.03.2025,David,"22,41",0:22,https://archive.org/download/dpu-intro-archiv/UFO456_Intro%20von%20David.mp3
,UFO457 Mixer,05.04.2025,Moritz,"34,93",0:34,https://archive.org/download/dpu-intro-archiv/UFO457_Intro%20von%20Moritz.mp3
,UFO458 Service,12.04.2025,Käthe,"37,96",0:37,https://archive.org/download/dpu-intro-archiv/UFO458_Intro%20von%20K%C3%A4the.mp3
,UFO459 Ei,19.04.2025,Toni und Caro,"24,76",0:24,https://archive.org/download/dpu-intro-archiv/UFO459_Intro%20von%20Toni%20und%20Caro.mp3
,UFO460 Schuppen,26.04.2025,Christoph,"41,59",0:41,https://archive.org/download/dpu-intro-archiv/UFO460_Intro%20von%20Christoph.mp3
,UFO461 Problema,03.05.2025,Paul,"33,54",0:33,https://archive.org/download/dpu-intro-archiv/UFO461_Intro%20von%20Paul.mp3
,UFO462 Flachwesen,10.05.2025,Jasper und Malte,"37,33",0:37,https://archive.org/download/dpu-intro-archiv/UFO462_Intro%20von%20Jasper%20und%20Malte.mp3
,UFO463 Warenentwertung,17.05.2025,Adrian,"22,05",0:22,https://archive.org/download/dpu-intro-archiv/UFO463_Intro%20von%20Adrian.mp3
,UFO464 Füller,24.05.2025,Marco,"9,98",0:09,https://archive.org/download/dpu-intro-archiv/UFO464_Intro%20von%20Marco.mp3
,UFO465 Lendenschurz,31.05.2025,Florian,"48,95",0:48,https://archive.org/download/dpu-intro-archiv/UFO465_Intro%20von%20Florian.mp3
,UFO466 Waschbär Waschbär Waschbär,07.06.2025,Jasmin,"22,18",0:22,https://archive.org/download/dpu-intro-archiv/UFO466_Intro%20von%20Jasmin.mp3
,UFO467 5-Euro-Schein,14.06.2025,Niklas,"19,64",0:19,https://archive.org/download/dpu-intro-archiv/UFO467_Intro%20von%20Niklas.mp3
,UFO468 Meteorit,21.06.2025,Stefan,"31,84",0:31,https://archive.org/download/dpu-intro-archiv/UFO468_Intro%20von%20Stefan.mp3
,UFO469 Die Mumie,28.06.2025,Tobias,"37,77",0:37,https://archive.org/download/dpu-intro-archiv/UFO469_Intro%20von%20Tobias.mp3
,UFO470 Soor,05.07.2025,Maximilian,"28,03",0:28,https://archive.org/download/dpu-intro-archiv/UFO470_Intro%20von%20Maximilian.mp3
,UFO471 Opt-Out,12.07.2025,Marten,"26,1",0:26,https://archive.org/download/dpu-intro-archiv/UFO471_Intro%20von%20Marten.mp3
,UFO472 Summer Garden,19.07.2025,Michi,"39,63",0:39,https://archive.org/download/dpu-intro-archiv/UFO472_Intro%20von%20Michi.mp3
,UFO473 Ekatastrophe,26.07.2025,Toni,"31,97",0:31,https://archive.org/download/dpu-intro-archiv/UFO473_Intro%20von%20Toni.mp3
,UFO474 Labba Labba Labba,02.08.2025,Marwin,"34,06",0:34,https://archive.org/download/dpu-intro-archiv/UFO474_Intro%20von%20Marwin.mp3
,UFO475 Scharfe Dinger,09.08.2025,Patrick,"18,39",0:18,https://archive.org/download/dpu-intro-archiv/UFO475_Intro%20von%20Patrick.mp3
,UFO476 Nano,16.08.2025,Melles,"53,03",0:53,https://archive.org/download/dpu-intro-archiv/UFO476_Intro%20von%20Melles.mp3
,UFO477 Sieb,23.08.2025,Dominik,"21,11",0:21,https://archive.org/download/dpu-intro-archiv/UFO477_Intro%20von%20Dominik.mp3
,UFO478 Legeröhre,30.08.2025,Julian,"25,38",0:25,https://archive.org/download/dpu-intro-archiv/UFO478_Intro%20von%20Julian.mp3
,UFO479 Morelle,06.09.2025,DrDingsbumsKemper,"32,78",0:32,https://archive.org/download/dpu-intro-archiv/UFO479_Intro%20von%20DrDingsbumsKemper.mp3
,UFO480 Wapwatsch,13.09.2025,Moritz,"13,98",0:13,https://archive.org/download/dpu-intro-archiv/UFO480_Intro%20von%20Moritz.mp3
,UFO481 Kabinenmann,20.09.2025,SirSonntag und RaphitGirl,"24,5",0:24,https://archive.org/download/dpu-intro-archiv/UFO481_Intro%20von%20SirSonntag%20und%20RaphitGirl.mp3
,UFO482 Kosmische Karotte,27.09.2025,Jim,"12,1",0:12,https://archive.org/download/dpu-intro-archiv/UFO482_Intro%20von%20Jim.mp3
,UFO483 Hügelchen,04.10.2025,Theo Weise,"16,04",0:16,https://archive.org/download/dpu-intro-archiv/UFO483_Intro%20von%20Theo%20Weise.mp3
,UFO484 Serum,11.10.2025,Cass,"31,75",0:31,https://archive.org/download/dpu-intro-archiv/UFO484_Intro%20von%20Cass.mp3
,UFO485 Gürkchen,18.10.2025,Thomas,"21,89",0:21,https://archive.org/download/dpu-intro-archiv/UFO485_Intro%20von%20Thomas.mp3
,UFO486 Molkor,25.10.2025,Max,"20,02",0:20,https://archive.org/download/dpu-intro-archiv/UFO486_Intro%20von%20Max.mp3
,UFO487 Harakigel,01.11.2025,Moritz,"16,52",0:16,https://archive.org/download/dpu-intro-archiv/UFO487_Intro%20von%20Moritz.mp3
,UFO488 Park,08.11.2025,Felix,"30,04",0:30,https://archive.org/download/dpu-intro-archiv/UFO488_Intro%20von%20Felix.mp3
,UFO489 Gewandung,15.11.2025,Matthias,"16,45",0:16,https://archive.org/download/dpu-intro-archiv/UFO489_Intro%20von%20Matthias.mp3
,UFO490 Horn,22.11.2025,Tobi,"18,43",0:18,https://archive.org/download/dpu-intro-archiv/UFO490_Intro%20von%20Tobi.mp3
,UFO491 Hort,29.11.2025,Lars,"21,89",0:21,https://archive.org/download/dpu-intro-archiv/UFO491_Intro%20von%20Lars.mp3
,UFO492 Hoth,06.12.2025,Leon,"46,66",0:46,https://archive.org/download/dpu-intro-archiv/UFO492_Intro%20von%20Leon.mp3
,UFO493 Hochgenommen,13.12.2025,TJ und JoJo,"34,42",0:34,https://archive.org/download/dpu-intro-archiv/UFO493_Intro%20von%20TJ%20und%20JoJo.mp3
,UFO494 Galaxy,20.12.2025,Max,"23,77",0:23,https://archive.org/download/dpu-intro-archiv/UFO494_Intro%20von%20Max.mp3
,UFO495 Ho ho ho!,27.12.2025,Henri,"26,06",0:26,https://archive.org/download/dpu-intro-archiv/UFO495_Intro%20von%20Henri.mp3
,UFO496 Wurm,03.01.2026,Leopold,"23,85",0:23,https://archive.org/download/dpu-intro-archiv/UFO496_Intro%20von%20Leopold.mp3
,UFO497 Tactical Pipps,10.01.2026,Lena,"3,13",0:03,https://archive.org/download/dpu-intro-archiv/UFO497_Intro%20von%20Lena.mp3
,UFO498 Satellit,17.01.2026,Michel & Yuria,"27,43",0:27,https://archive.org/download/dpu-intro-archiv/UFO498_Intro%20von%20Michel%20%26%20Yuria.mp3
,UFO499 Nappo,24.01.2026,Steffen,"33,46",0:33,https://archive.org/download/dpu-intro-archiv/UFO499_Intro%20von%20Steffen.mp3
,UFO500 Wilma & Wolfgang,31.01.2026,Richard,"28,89",0:28,https://archive.org/download/dpu-intro-archiv/UFO500_Intro%20von%20Richard.mp3
,UFO501 Kasse,07.02.2026,Mattis,"27,86",0:27,https://archive.org/download/dpu-intro-archiv/UFO501_Intro%20von%20Mattis.mp3
,UFO502 Brotig,14.02.2026,Tim,"18,25",0:18,https://archive.org/download/dpu-intro-archiv/UFO502_Intro%20von%20Tim.mp3
,UFO503 Luxus,21.02.2026,Loffy,"19,59",0:19,https://archive.org/download/dpu-intro-archiv/UFO503_Intro%20von%20Loffy.mp3
,UFO504 Lautes Wasser,28.02.2026,Lars,"23,09",0:23,https://archive.org/download/dpu-intro-archiv/UFO504_Intro%20von%20Lars.mp3
,UFO505 Vimeo vs. Jörg vs. The People,07.03.2026,Rene,"29,86",0:29,https://archive.org/download/dpu-intro-archiv/UFO505_Intro%20von%20Rene.mp3
,UFO507 Verabreichen vielleicht?,21.03.2026,Cedric,"26,93",0:26,https://archive.org/download/dpu-intro-archiv/UFO507_Intro%20von%20Cedric.mp3
,UFO508 Napf,21.03.2026,Mike,"21,97",0:21,https://archive.org/download/dpu-intro-archiv/UFO508_Intro%20von%20Mike.mp3
,UFO509 Amphitryon,28.03.2026,Patrick,"9,48",0:09,https://archive.org/download/dpu-intro-archiv/UFO509_Intro%20von%20Patrick.mp3
,UFO510 Gärkorb,04.04.2026,Milan,"5,94",0:05,https://archive.org/download/dpu-intro-archiv/UFO510_Intro%20von%20Milan.mp3
,UFO511 Absolute Schwerelosigkeit,11.04.2026,Josch,"17,75",0:17,https://archive.org/download/dpu-intro-archiv/UFO511_Intro%20von%20Josch.mp3
,UFO512 Postcast,18.04.2026,Benjamin,"31,79",0:31,https://archive.org/download/dpu-intro-archiv/UFO512_Intro%20von%20Benjamin.mp3
,UFO513 Kohlensäure,25.04.2026,Alex,"13,36",0:13,https://archive.org/download/dpu-intro-archiv/UFO513_Intro%20von%20Alex.mp3
,UFO514 Mappo Mappo,02.05.2026,Rene,"16,52",0:16,https://archive.org/download/dpu-intro-archiv/UFO514_Intro%20von%20Rene.mp3
,UFO515 Viola,09.05.2026,Thorsten,"29,05",0:29,https://archive.org/download/dpu-intro-archiv/UFO515_Intro%20von%20Thorsten.mp3
,UFO516 Voila,16.05.2026,Udo,"31,18",0:31,https://archive.org/download/dpu-intro-archiv/UFO516_Intro%20von%20Udo.mp3
,UFO517 Diegese,23.05.2026,Nils,"20,56",0:20,https://archive.org/download/dpu-intro-archiv/UFO517_Intro%20von%20Nils.mp3
